{
  "id": "t102",
  "table_no": 102,
  "name": "Número de Canais de Pagamento",
  "iso25010": {
    "characteristic": "Eficiência de Desempenho",
    "subcharacteristic": "Capacidade"
  },
  "fields": {
    "definition": "Quantifica o total de canais de pagamento estabelecidos entre os nós da Lightning Network (LN), repre-\nsentando conexões bidirecionais off-chain utilizadas para\ntroca de valores entre pares. Cada canal é composto\npor uma transação de abertura e uma de fechamento\nna blockchain Bitcoin, e permite múltiplas transações\nintermediárias instantâneas e privadas.",
    "objective": "Avaliar a capacidade, densidade e conectividade da\nrede LN, refletindo o grau de adoção e a eficiência da\ninfraestrutura de micropagamentos baseada em blockchain. O número de canais é diretamente proporcional à\nescalabilidade e à redundância da rede.\nModelo\nde\nQualidade\nISO/IEC 25010",
    "equation": "Nc =\nNn\nX\ni=1\nci, onde Nc é o número total de canais ativos e ci representa os canais estabelecidos por cada nó\nparticipante (Nn é o total de nós ativos).\nMétricas\nAssociadas\nNúmero de Nós; Capacidade Total da Rede; Taxa de\nTransações Off-chain; Latência Média de Pagamento\nAtributo\nRelacionado\nConectividade de Rede; Descentralização; Throughput;\nResiliência da Rede",
    "protocol": "1) Implantar um crawler da Lightning Network (LN\nCrawler) baseado no cliente LND.\n2) Coletar periodicamente a topologia da rede via comando describegraph, que lista todos os canais ativos\nentre nós LN.\n3) Registrar os canais detectados ao longo de uma janela\nde 10 meses (maio/2019 a fevereiro/2020).\n4) Complementar os dados com estatísticas públicas de\nAPIs (ex.: lopp.net/lightning-information.html).\n5) Calcular o número total de canais ativos e sua evolução\ntemporal.\n246",
    "comment": "Durante o período de medição (2019–2020), foram detectados mais de 55.000 canais de pagamento ativos na\nLightning Network, com crescimento contínuo desde 2018\ne forte correlação com a valorização do Bitcoin. Cada\ncanal bidirecional permite milhares de micropagamentos\nsem sobrecarregar a blockchain. O estudo também observou que os canais se concentram entre nós de alto grau\n(hubs), indicando certo nível de centralização funcional.\nInterpretação\ndo\nValor Medido\nValores elevados indicam alta conectividade e capacidade transacional, reforçando a escalabilidade e a efici-\nência da rede LN. Valores reduzidos podem indicar\nretração de uso, fechamento de canais ou concentração\nem poucos nós.",
    "unit": "Número de canais ativos",
    "scale_type": "Razão",
    "precision": "Alta, desde que o crawler opere continuamente e colete dados de todos os clientes LN (LND, C-Lightning,\nEclair).",
    "data_collection": "Automática / Experimental / Monitoramento contínuo",
    "measurement_tool": "Lightning Network Daemon (LND); LN Crawler; APIs\npúblicas (Lopp.net); Repositórios de topologia LN.",
    "use_processes": "Análise da escalabilidade da rede LN; estudos de centralização de canais; monitoramento de capacidade off-chain;\navaliação de políticas de roteamento e taxas.",
    "beneficiaries": "Pesquisadores em blockchain; engenheiros de redes P2P;\ndesenvolvedores de soluções Lightning; analistas de eficiência e descentralização de redes.",
    "references": "Casas, P.; Romiti, M.; Holzer, P.; Ben Mariem, S.; Donnet, B.;\nHaslhofer, B. Where is the Light(ning) in the Taproot Dawn?\nUnveiling the Bitcoin Lightning (IP) Network. IEEE CloudNet,\n2021. — A métrica Number of Payment Channels quantifica o total de canais ativos da Lightning Network, que atingi-\nram mais de 55.000 conexões em 2020, representando o crescimento e a maturidade da camada de micropagamentos sobre o\nBitcoin:contentReference[oaicite:1]index=1.\n247"
  },
  "source": {
    "pdf": "catalogo_de_metricas.pdf",
    "table": "Tabela 102"
  }
}