{
  "id": "t108",
  "table_no": 108,
  "name": "Tempo de Operação",
  "iso25010": {
    "characteristic": "Eficiência de Desempenho",
    "subcharacteristic": "Comportamento Temporal"
  },
  "fields": {
    "definition": "Mede o tempo total necessário para a execução de\numa operação ou transação em um sistema blockchain, incluindo as fases de autenticação, validação e\nregistro do bloco. Representa a eficiência temporal de\nprocessamento das operações — quanto menor o tempo,\nmais responsivo é o sistema.",
    "objective": "Quantificar a eficiência computacional e o tempo de\nresposta de operações executadas sobre um esquema\nblockchain em aplicações de IoT verde (Green IoT). O\ntempo de operação é um indicador direto da capacidade\ndo sistema de atender a requisitos de baixa latência e\neficiência energética.\nModelo\nde\nQualidade\nISO/IEC 25010",
    "equation": "O tempo médio de operação (Top) pode ser expresso\ncomo:\nTop =\nPn\ni=1(tfim,i −tini,i)\nn\nonde tini,i e tfim,i representam, respectivamente, o instante de início e término da operação i, e n o número\ntotal de operações observadas.\nMétricas\nAssociadas\nTempo de Execução de Transação; Latência de Confirmação; Throughput; Consumo de Energia; Tempo de\nComunicação\nAtributo\nRelacionado\nEficiência Energética; Escalabilidade; Latência de Rede;\nDesempenho de Execução",
    "protocol": "1) Implementar o esquema BENIGREEN em ambiente\nde simulação (Matlab).\n2) Executar operações de autenticação e transmissão de\ndados em diferentes tamanhos de rede.\n3) Registrar os tempos de início e fim de cada operação.\n4) Calcular o tempo médio de operação (Top) e comparar com protocolos de referência (ex.: ECC, blockchain\nconvencional).\n5) Analisar a variação de Top conforme o número de nós\ne o volume de transações.\n259",
    "comment": "No estudo, o BENIGREEN reduziu significativamente o\ntempo de operação em comparação com abordagens tradicionais baseadas em ECC e blockchain padrão. Essa\nmelhoria é atribuída ao uso de autenticação leve, estrutura eficiente de blocos e otimização no processo de\nvalidação. O menor tempo de operação contribui para\neconomia de energia e maior responsividade em aplicações IoT.\nInterpretação\ndo\nValor Medido\nValores baixos de Top indicam maior eficiência temporal e melhor desempenho do sistema. Valores altos\nsugerem gargalos no processamento, latência elevada ou\nsobrecarga de comunicação.",
    "unit": "Milissegundos (ms)",
    "scale_type": "Razão",
    "precision": "Alta, quando a coleta é feita com ferramentas de medição\nem nível de simulação ou logs de execução em tempo\nreal.",
    "data_collection": "Experimental / Automática",
    "measurement_tool": "MATLAB R2018a; scripts de simulação com temporização embutida; logs de execução de autenticação e valida-\nção de transações.",
    "use_processes": "Avaliação de desempenho de protocolos IoT baseados em\nblockchain; comparação entre esquemas de autenticação;\nmedição de latência em contratos inteligentes e redes\ndistribuídas.",
    "beneficiaries": "Pesquisadores de blockchain e IoT; engenheiros de sistemas embarcados; projetistas de redes verdes; desenvolve-\ndores de contratos inteligentes otimizados.",
    "references": "Razaque, A.; Khan, S.; Alghamdi, T. A.; Kharel, R.; Khan, I.;\nSaeed, R. A.; Karam, A. BENIGREEN: Blockchain-Based EnergyEfficient Privacy-Preserving Scheme for Green IoT. IEEE Access,\n2021. — O estudo define o Tempo de Operação (Operation\nTime) como o tempo total de processamento de operações IoT sobre blockchain, sendo utilizado para comparar a eficiência temporal\nentre diferentes esquemas de autenticação.\n260"
  },
  "source": {
    "pdf": "catalogo_de_metricas.pdf",
    "table": "Tabela 108"
  }
}