{
  "id": "t10",
  "table_no": 10,
  "name": "Consumo de Gás",
  "iso25010": {
    "characteristic": "Eficiência de Desempenho",
    "subcharacteristic": "Utilização de Recursos"
  },
  "fields": {
    "equation": "Gas Consumption = gasUsed =\nX\ni\ngas(opcodei) + overheadsmem/sto −refunds. (Distinto\nde transaction fee, que envolve gasPrice.)\nMétricas\nAssociadas\nExecution time; Latência fim-a-fim; Throughput (TPS);\nTaxa de sucesso; Tamanho de payload/armazenamento;\nTransaction cost.\nAtributo\nRelacionado\nGas Cost (fee monetária); Limite de gás por bloco;\nEscalabilidade do contrato; Custo de armazenamento vs.\neventos/IPFS.\n28",
    "protocol": "1) Definir escopo: funções (incl. deploy) e cenários de\nentrada/estado.\n2) Ambiente: usar testnet/rede privada e ferramentas\n(Remix/Truffle/Web3); registrar parâmetros de rede.\n3) Executar & medir: coletar gasUsed dos receipts\npor função/transação; repetir N vezes e reportar\np50/p95.\n4) Instrumentação opcional: monitoramento\ndinâmico em nível de função (tempo, instruções e gas)\npara identificar gargalos.\n5) Otimizações: avaliar trade-offs on-chain vs.\nIPFS/off-chain para reduzir consumo de gás.",
    "comment": "Consumo de gás varia substancialmente entre funções:\nem energy trading para EVs, uma função (SF5) atingiu\n∼186,571 gas no experimento; no e-voting, analisou-se\nconsumo por função e pela quantidade de\nvotos/usuários; em dispositivos de energia/IoT, os\nautores julgam “adequados” os custos de desempenho\nem termos de uso de gás na prova de conceito.",
    "interpretation": "Menor consumo de gás indica maior eficiência on-chain.\nAvaliar distribuição (mediana/p95/p99) e sensibilidade\na tamanho de dados, número de participantes e padrões\nde escrita/leitura de estado.",
    "unit": "gas (adimensional).",
    "scale_type": "Absoluta",
    "precision": "Determinística para o mesmo estado/entrada; variar o\nestado (p.ex., SSTORE) altera gasUsed. Instrumentação\nem nível de função aumenta a confiabilidade da coleta e\na capacidade de diagnóstico.",
    "data_collection": "Automática\nFerramenta de\nMedição\nRemix IDE / Web3 / Truffle (coleta de gasUsed);\nsistemas de monitoramento dinâmico de contratos\n(métricas de tempo/instruções/gás); receipts/logs do\ncliente.",
    "use_processes": "Otimização de contratos (função a função);\nPlanejamento de custos (com gasPrice); Seleção de\narquitetura (dados on-chain vs. IPFS); Avaliação em\ndomínios como e-voting, energia/EVs e aplicações de\nsmart grid (prototipadas em Ethereum).\nBeneficiários\nPotenciais\nEngenheiros(as) de smart contracts; Arquitetos(as) de\nsoluções Web3; SRE/DevOps; Gestores(as) de\nproduto/FinOps; Pesquisadores(as).\n29",
    "references": "(1) Chaudhary et al. (2023) — Blockchain-Based Energy Trading\nScheme for EVs. . . : avaliação de gas consumption/custo por função\n(Remix + IPFS).\n(2) Chaudhary et al. (2023) — Blockchain-Based Secure Voting\nMechanism Underlying 5G: análise de gas consumption por função\ne por número de votos.\n(3) Ding et al. (2020) — Function-Level Dynamic Monitoring and\nAnalysis System for Smart Contract: monitoração dinâmica de\ntempo/instruções/gas em nível de função.\n(4) Asefi et al. (2021) — Application of Blockchain for Secure\nData Transmission in Distributed State Estimation: protótipo em\nEthereum para smart grid (contexto de desempenho).\n(5) Arul et al.\n(2021) — Green Power Electricity Generation\nDevices Using Blockchain-Based Accent: viabilidade com “custos\nde desempenho apropriados” em termos de uso de gás.\n30"
  },
  "source": {
    "pdf": "catalogo_de_metricas.pdf",
    "table": "Tabela 10"
  }
}