{
  "id": "t111",
  "table_no": 111,
  "name": "Índice de Centralização de Controle",
  "iso25010": {
    "characteristic": "Segurança",
    "subcharacteristic": "Integridade"
  },
  "fields": {
    "definition": "Mede o grau de centralização e privilégio de controle concedido ao proprietário de um contrato\ninteligente, especialmente em blockchains públicas. Avalia a presença de funções administrativas que permitem\nalterar, pausar, substituir ou revogar comportamentos\ncríticos do contrato, comprometendo os princípios de\ndescentralização e confiança distribuída.",
    "objective": "Identificar e quantificar riscos de centralização indevida\nem contratos inteligentes, onde o proprietário detém poderes excessivos sobre ativos, parâmetros ou usuários.\nEssa métrica permite avaliar a conformidade de contratos com boas práticas de governança descentralizada e\nsegurança.\nModelo\nde\nQualidade\nISO/IEC 25010",
    "equation": "O índice de centralização de controle (ICC) pode ser\ndefinido como:\nICC = Nfunções_privilegiadas\nNfunções_totais\n× 100\nonde Nfunções_privilegiadas representa o número de funções com acesso restrito ao proprietário (ex.: onlyOwner,\nadmin, set_param) e Nfunções_totais é o total de funções\npúblicas do contrato.\nMétricas\nAssociadas\nGrau de Mutabilidade de Parâmetros; Grau de Mutabilidade de Metadados; Razão de Liquidez Limitada; Taxa\nde Perda de Anonimato\nAtributo\nRelacionado\nDescentralização; Governança; Confiança; Transparência;\nImutabilidade\n265",
    "protocol": "1) Coletar contratos inteligentes da blockchain (ex.: Ethereum) para análise estática.\n2) Executar ferramenta de auditoria (ex.:\nNaga ou\nSlither) para identificar funções de controle e modificadores de acesso.\n3) Classificar cada função como privilegiada ou pública.\n4) Calcular o índice ICC conforme a equação definida.\n5) Analisar o impacto do controle centralizado sobre a\nsegurança e a descentralização do sistema.",
    "comment": "A métrica foi proposta a partir da análise de contratos\nEthereum, em que se observou que diversos projetos\ndescentralizados possuem funções administrativas que\npermitem reconfiguração ou censura de ativos. Esses\nmecanismos, embora úteis para manutenção, introduzem\nriscos de abuso e perda de confiança na descentralização.\nContratos com alto índice ICC são considerados vulneráveis a centralização de poder e manipulação unilateral.\nInterpretação\ndo\nValor Medido\nValores altos de ICC indicam forte centralização de\ncontrole e maior risco de abuso de autoridade. Valores baixos sugerem contratos mais descentralizados e\nresistentes à manipulação administrativa.",
    "unit": "Percentual (%)",
    "scale_type": "Razão",
    "precision": "Alta, quando baseada em análise estática completa do\ncódigo-fonte e correta identificação das funções com privilégios administrativos.",
    "data_collection": "Automática / Estática",
    "measurement_tool": "Ferramenta Naga (baseada em Slither); scripts Python\npara auditoria de modificadores (onlyOwner, admin);\nexploradores de contratos (Etherscan API).",
    "use_processes": "Avaliação de governança em contratos inteligentes; auditoria de centralização; certificação de contratos descen-\ntralizados; análise de riscos em DApps e DeFi.",
    "beneficiaries": "Auditores de segurança; desenvolvedores de smart contracts; pesquisadores em descentralização; arquitetos de\nDApps e DeFi; reguladores de sistemas baseados em\nblockchain.",
    "references": "Torres, C.; Steichen, M.; State, R. Bad Apples: Understanding the\nCentralized Security Risks in Decentralized Ecosystems. Network\nand Distributed System Security Symposium (NDSS), 2019. —\nO estudo identifica contratos com proprietários excessivamente\nprivilegiados e propõe a análise de Overpowered Owner como\nmétrica de risco de centralização, aqui representada como Índice\nde Centralização de Controle (ICC).\n266"
  },
  "source": {
    "pdf": "catalogo_de_metricas.pdf",
    "table": "Tabela 111"
  }
}