{
  "id": "t112",
  "table_no": 112,
  "name": "Taxa de Perda de Pacotes",
  "iso25010": {
    "characteristic": "Confiabilidade",
    "subcharacteristic": "Tolerância a Falhas"
  },
  "fields": {
    "definition": "Mede a porcentagem de pacotes descartados durante a transmissão entre nós da rede blockchain\ndevido a falhas de roteamento, ataques BGP, congestionamento ou desconexões temporárias. Essa métrica\nrepresenta a confiabilidade e estabilidade da comunicação\nentre nós distribuídos em ambientes blockchain-SDN.",
    "objective": "Quantificar a eficiência de transmissão de dados em redes\nblockchain integradas a controladores SDN, avaliando\no impacto de ataques de roteamento (ex.: sequestro\nde prefixos BGP) e a eficácia do mecanismo de defesa\nSDBGPChain em reduzir perdas de pacotes.\nModelo\nde\nQualidade\nISO/IEC 25010",
    "equation": "A taxa de queda de pacotes (Pdr) é definida como:\nPdr = Nperdidos\nNenviados\n× 100\nonde Nperdidos é o número de pacotes descartados ou\nnão entregues e Nenviados é o número total de pacotes\ntransmitidos.\nMétricas\nAssociadas\nTaxa de Entrega de Pacotes; Latência Média; Throughput; Largura de Banda Efetiva; Taxa de Ataques Detec-\ntados\nAtributo\nRelacionado\nRobustez de Rede; Segurança de Comunicação; Tolerância a Falhas; Integridade de Dados",
    "protocol": "1) Configurar o ambiente SDN com controladores e switches simulando a topologia BGP sob ataques.\n2) Implementar o framework SDBGPChain baseado em\nblockchain e contratos inteligentes.\n3) Transmitir pacotes de dados sob diferentes condições\nde carga e ataques BGP.\n4) Medir o total de pacotes enviados e perdidos.\n5) Calcular Pdr e comparar com redes sem defesa blockchain.\n267",
    "comment": "O estudo demonstrou que o SDBGPChain reduz significativamente a taxa de queda de pacotes em comparação\ncom abordagens tradicionais, aumentando a confiabilidade da rede. A métrica evidencia como a integração de\nblockchain e SDN pode mitigar ataques de roteamento e\nmelhorar a eficiência de comunicação em redes críticas.\nInterpretação\ndo\nValor Medido\nValores baixos de Pdr indicam alta confiabilidade e resiliência da rede. Valores altos sugerem vulnerabilidade\na ataques, congestionamento ou falhas de comunicação.",
    "unit": "Percentual (%)",
    "scale_type": "Razão",
    "precision": "Alta, quando baseada em monitoramento de tráfego real\nou simulado com coleta automática de logs de envio e\nrecebimento.",
    "data_collection": "Experimental / Automática",
    "measurement_tool": "Simulador SDN (Mininet, NS-3); scripts Python para\ncontagem de pacotes; módulos de monitoramento SDNBlockchain.",
    "use_processes": "Avaliação de resiliência contra ataques BGP; medição\nda confiabilidade de transmissão; análise de desempenho\nem arquiteturas SDN-Blockchain.",
    "beneficiaries": "Engenheiros de redes distribuídas; pesquisadores em\nblockchain-SDN; analistas de cibersegurança; desenvolvedores de protocolos tolerantes a falhas.",
    "references": "Bose, S.; Gupta, D.; Mago, V. SDBGPChain: A Decentralized Low\nComplexity Framework to Detect and Prevent the BGP Attacks\nusing SDN with Smart Contract-Based Dendrimer Tree Blockchain.\nIEEE Access, 2022. — A métrica Taxa de Queda de Pacotes\n(Packet Drop Ratio) foi usada para quantificar o impacto dos\nataques BGP e demonstrar a eficiência do SDBGPChain em reduzir\nperdas na rede.\n268"
  },
  "source": {
    "pdf": "catalogo_de_metricas.pdf",
    "table": "Tabela 112"
  }
}