{
  "id": "t11",
  "table_no": 11,
  "name": "Custo de Gás",
  "iso25010": {
    "characteristic": "Eficiência de Desempenho",
    "subcharacteristic": "Utilização de Recursos"
  },
  "fields": {
    "equation": "GasUsed = P gas(opcodei)+overheadsmem/sto−refunds.\nTransaction fee (fora do escopo do atributo, mas útil\npara conversão): fee = gasUsed × gasPrice.\nMétricas\nAssociadas\nTempo de execução; Throughput (TPS); Latência;\nTamanho do bloco/gasLimit; Custo de transação (em\nmoeda); Tamanho do ledger.\nAtributo\nRelacionado\nThroughput/TPS (afetado por gasLimit e TGS);\nLatência; Limite de gas por bloco.",
    "protocol": "1) Definir escopo (funções e cenários) e rede\n(privada/consórcio PoA, testnet ou mainnet);\n2) Implantar/Executar contratos (Remix/Web3) e\ncoletar gasUsed no recibo;\n3) Repetir N vezes e reportar p50/p95;\n4) Controlar variáveis: estado idêntico, gasLimit e\nblock-time;\n5) Comparar ambientes: Ropsten vs. mainnet (gas\npor função tende a ser constante; depende do tamanho\ndos parâmetros).\n31",
    "comment": "(i) Entrada/armazenamento pesados elevam gas\n(SSTORE, parâmetros grandes);\n(ii) Crescimento linear do gas com estruturas de\ndados percorridas (arrays) e número de participantes;\n(iii) Para workloads massivos (p.ex., relatório de spam),\nagregação/bulk reduz transações; PoS e\ncamadas/sidechains ajudam a reduzir custo; IPFS\npode guardar dados e a cadeia manter apenas hashes.",
    "interpretation": "Menor gas indica maior eficiência. Diferenciar\nimplantação (alto, pago uma vez) de chamadas por\nfunção. Gas maior tende a implicar maior tempo de\nexecução; analisar p95/p99.",
    "unit": "gas (adimensional). Conversão monetária via\nfee = gasUsed × gasPrice quando necessário.",
    "scale_type": "Absoluta",
    "precision": "Leitura determinística do recibo para o mesmo estado.\nManter configuração de rede estável e registrar\ngasLimit/block-time.",
    "data_collection": "Automática\nFerramenta de\nMedição\nRemix IDE / Metamask / Web3 / Geth console;\nmedição em testnets (Ropsten) e mainnet; relatórios de\ngasUsed por função/implantação.",
    "use_processes": "Otimização de contratos (minimizar SSTORE/escritas,\nusar eventos e off-chain quando possível); comparação\nde cenários (identidade, spam, metrologia, energia);\ntuning de rede privada (block-time/gasLimit) e\nestimativa de custo operacional.\nBeneficiários\nPotenciais\nEngenheiros(as) de smart contracts; Arquitetos(as) e\nSRE/DevOps; Gestores(as) de produto e custos;\nPesquisadores(as).",
    "references": "(1) Yang et al., Empirically Analyzing Ethereum’s Gas Mechanism.\nMispricing de opcodes de I/O; implicações para descentralização.\n(2) Javed et al., Health-ID. TGS por função/implantação; efeito\nde gasLimit/block-time em TPS.\n(3) Traceability & Cost Estimation (Metrology). fee = gasPrice ×\ngasUsed; SSTORE/TRANSACTION dominam uso de gas.\n(4) Chaudhary et al., EV Energy Trading. Medição de gas por\nfunção via Remix.\n(5) QoS Compliance System. Custos operacionais e gas price vs.\nvelocidade de validação.\n(6) Chen et al., BOSSA. Custos de gas por interação; parâmetros\ngrandes elevam gas; crescimento com número de farmers.\n(7) Distributed Ledger for Spammers’ Resume.\nTabela de gas\n(Ropsten/mainnet); custo diário estimado; reduzir frequência de\nreporte; benefício de PoS.\n32"
  },
  "source": {
    "pdf": "catalogo_de_metricas.pdf",
    "table": "Tabela 11"
  }
}