{
  "id": "t121",
  "table_no": 121,
  "name": "Tempo de Consulta",
  "iso25010": {
    "characteristic": "Eficiência de Desempenho",
    "subcharacteristic": "Comportamento Temporal"
  },
  "fields": {
    "definition": "Mede o tempo decorrido entre a solicitação e a resposta\ncompleta de uma consulta a dados armazenados em blocos da blockchain. Essa métrica avalia o desempenho\nde leitura e o comportamento temporal do sistema ao\nrecuperar informações de transações ou contratos inteligentes.",
    "objective": "Avaliar a eficiência de acesso e recuperação de dados\nem diferentes mecanismos de consenso aplicados a redes\nblockchain voltadas para Internet das Coisas (IoT), onde\na latência de leitura impacta diretamente a responsividade de aplicações em tempo real.\nModelo\nde\nQualidade\nISO/IEC 25010",
    "equation": "Query Timeavg = 1\nN\nN\nX\ni=1\n(trespostai −tsolicitaçãoi)\nonde tsolicitaçãoi é o instante em que a consulta foi iniciada\ne trespostai o instante em que os dados foram completamente retornados.\nMétricas\nAssociadas\nTransaction Latency; Average Block Time; Throughput;\nQuery Success Rate\nAtributo\nRelacionado\nTempo de Resposta; Latência de Transação; Tempo de\nExecução de Contrato",
    "protocol": "1) Implementar um contrato inteligente simples em\nredes blockchain com diferentes mecanismos de consenso\n(ex.: PoW, PoA, PoS).\n2) Enviar múltiplas transações (ex.: 100) e registrar seus\nidentificadores.\n3)\nExecutar\nconsultas\nutilizando\nAPI\nweb3.eth.getBlock\nou\nequivalente,\nmedindo\no\ntempo entre solicitação e resposta.\n4) Calcular a média dos tempos obtidos (Query Timeavg)\ne comparar entre mecanismos de consenso.\n285",
    "comment": "O artigo demonstra que redes com consenso Proof of\nAuthority (PoA) apresentaram tempos de consulta menores, enquanto Proof of Work (PoW) exibiu maior va-\nriabilidade. Isso reforça a influência do mecanismo de\nconsenso na eficiência de leitura e desempenho geral da\nblockchain em cenários IoT.\nInterpretação\ndo\nValor Medido\nMenores tempos de consulta indicam maior eficiência\nde leitura e melhor desempenho da rede. Valores elevados podem sinalizar gargalos de comunicação, baixa\ncapacidade de processamento ou sobrecarga na rede.",
    "unit": "Milissegundos (ms)",
    "scale_type": "Razão",
    "precision": "Depende da granularidade do relógio do sistema e da\nestabilidade da rede blockchain no momento da medição.",
    "data_collection": "Experimental / Automática",
    "measurement_tool": "Web3.js ou Web3.py;\nAPIs de clientes Ethereum\n(getBlock, eth_call); scripts Python com temporização\n(time.time()); análise em Prometheus/Grafana.",
    "use_processes": "Avaliação de desempenho de mecanismos de consenso;\nanálise comparativa entre redes blockchain; otimização\nde leitura e caching em dApps; dimensionamento de\ninfraestrutura blockchain-IoT.",
    "beneficiaries": "Engenheiros(as) de blockchain; Pesquisadores(as) em\nIoT; Arquitetos(as) de sistemas distribuídos; Desenvolvedores(as) de dApps e contratos inteligentes.",
    "references": "Chelladurai, U., & Pandey, S. (2022). Blockchain for Internet of\nThings: A Consensus Mechanism Analysis. IEEE Access, vol. 10,\npp. 79861–79875.\n286"
  },
  "source": {
    "pdf": "catalogo_de_metricas.pdf",
    "table": "Tabela 121"
  }
}