{
  "id": "t137",
  "table_no": 137,
  "name": "Probabilidade de Sucesso",
  "iso25010": {
    "characteristic": "Confiabilidade",
    "subcharacteristic": "Tolerância a Falhas"
  },
  "fields": {
    "definition": "Mede a probabilidade de sucesso na transmissão e validação de uma transação em uma rede blockchain que\nutiliza o protocolo de consenso PBFT em ambiente sem\nfio. Considera fatores como colisões de pacotes, número\nde nós e janela de contenção (contention window).",
    "objective": "Avaliar a eficiência de consenso e a confiabilidade de\ntransmissão em redes blockchain sem fio, garantindo que\na quantidade mínima de nós necessários para validar um\nbloco seja alcançada com sucesso.\nModelo\nde\nQualidade\nISO/IEC 25010",
    "equation": "Ps = nτ(1 −τ)n−1\n1 −(1 −τ)n , onde Ps representa a probabilidade\nde sucesso da transmissão, τ é a probabilidade de um nó\ntentar transmitir em um slot de tempo e n é o número\ntotal de nós.\nA probabilidade de sucesso de consenso fim-a-fim é obtida\ncombinando as fases “prepare” e “commit” do PBFT:\nPe\n=\nn−1\nX\ni=2f\nn\nX\nm=2f+1\n n\ni\n!\nP i\ns(1 −Ps)n−1−i\n n\nm\n!\nP m\ns (1 −\nPs)n−1−m.\nMétricas\nAssociadas\nTransaction Throughput; Transaction Delay; Reliability;\nConsensus Success Rate\nAtributo\nRelacionado\nTransaction\nConfirmation\nRate;\nFault\nTolerance;\nNetwork Scalability",
    "protocol": "1) Simular uma rede PBFT sobre IEEE 802.11 com\nnúmero variável de nós n e janelas de contenção W.\n2) Calcular a probabilidade de transmissão bem-sucedida\nem cada fase (pre-prepare, prepare, commit).\n3) Combinar as fases para estimar a probabilidade total\nde consenso bem-sucedido.\n4) Analisar a sensibilidade em relação à taxa de chegada\nde pacotes (λ) e ao tamanho da janela de contenção (W).\n317",
    "comment": "A métrica mostra que o PBFT sem fio tolera colisões\ne perdas até certo ponto, mas sofre queda significativa\nde desempenho à medida que o número de nós aumenta.\nValores de W maiores (como 128) mantêm alta probabilidade de sucesso, enquanto valores menores reduzem\ndrasticamente a escalabilidade e a taxa de sucesso.\nInterpretação\ndo\nValor Medido\nProbabilidades próximas de 1 indicam consenso estável\ne comunicação confiável; valores abaixo de 0,8 indicam\ninstabilidade e risco de falhas no consenso.",
    "unit": "Probabilidade (0–1)",
    "scale_type": "Razão",
    "precision": "Depende da estabilidade da rede sem fio e do número de\nnós simulados; os resultados variam com λ e W.",
    "data_collection": "Simulação e medição empírica",
    "measurement_tool": "Simulações PBFT implementadas em MATLAB/Python;\nIEEE 802.11 broadcast model; análise probabilística via\nMarkov Chain",
    "use_processes": "Avaliação de confiabilidade em protocolos de consenso\nsem fio; otimização de parâmetros de rede; validação de\ndesempenho de blockchain em IoT.",
    "beneficiaries": "Pesquisadores de blockchain e IoT; engenheiros de rede;\nprojetistas de protocolos de consenso; analistas de desempenho distribuído.",
    "references": "(1) Zhou, Z.; Onireti, O.; Zhang, L.; Imran, M. A. *Performance\nAnalysis of Wireless Practical Byzantine Fault Tolerance Networks\nUsing IEEE 802.11.* IEEE Workshops (GC Wkshps), 2021 —\nDerivação da probabilidade de sucesso para consenso PBFT em\nredes sem fio IEEE 802.11, considerando colisões e janelas de\ncontenção variáveis.\n318"
  },
  "source": {
    "pdf": "catalogo_de_metricas.pdf",
    "table": "Tabela 137"
  }
}