{
  "id": "t148",
  "table_no": 148,
  "name": "Cobertura de Transações",
  "iso25010": {
    "characteristic": "Adequação Funcional",
    "subcharacteristic": "Completude Funcional"
  },
  "fields": {
    "definition": "Mede a proporção de transações observadas por medidores de rede (nós monitoradores) em relação ao total de\ntransações efetivamente incluídas nos blocos válidos da\nblockchain. A métrica avalia o grau de completude e\ntransparência dos dados observáveis da rede, identificando lacunas causadas por atrasos, perda de mensagens\nou comportamento não cooperativo de nós.",
    "objective": "Avaliar a confiabilidade e a completude das medições\npúblicas sobre blockchains, determinando se os observadores conseguem capturar todas as transações que\nrealmente compõem o ledger. Uma alta cobertura indica\nque o monitoramento da rede é representativo e preciso;\numa baixa cobertura sugere perda de dados, transações\nnão propagadas ou censura.\nModelo\nde\nQualidade\nISO/IEC 25010",
    "equation": "Coverage = Nobservadas\nNbloco\n× 100%\nonde Nobservadas é o número de transações observadas\npelos medidores e Nbloco é o número total de transações\nincluídas em blocos confirmados.\nMétricas\nAssociadas\nTransaction Propagation Delay; Transaction Loss Rate;\nNetwork Coverage; Node Visibility\nAtributo\nRelacionado\nDisponibilidade de Dados; Integridade de Rede; Transparência de Observação",
    "protocol": "1) Configurar múltiplos nós observadores em diferentes\nregiões geográficas.\n2) Coletar todas as transações recebidas via P2P e registrar o momento de recepção.\n3) Comparar o conjunto de transações observadas com o\nconjunto efetivo de transações incluídas em blocos válidos\n(extraídas de exploradores de blocos ou nós completos).\n4) Calcular a proporção de cobertura Coverage.\n5) Repetir a análise sob diferentes condições de rede e\nperíodos para obter séries temporais.\n341",
    "comment": "Uma cobertura de transações incompleta pode resultar\nda topologia P2P, da posição dos nós medidores, da limitação de conexões, ou de políticas de retransmissão\nrestritas. O estudo evidencia que blockchains populares\n(ex.: Bitcoin, Ethereum) apresentam taxas de cobertura inferiores a 100%, revelando lacunas relevantes para\nestudos de segurança e transparência.\nInterpretação\ndo\nValor Medido\nValores próximos de 100% indicam cobertura total e\nalta transparência da rede. Valores menores sugerem que\nparte das transações não foi observada, comprometendo a\nconfiabilidade das medições e a análise de comportamento\ndos nós.",
    "unit": "Percentual (%)",
    "scale_type": "Razão",
    "precision": "Depende da densidade e da distribuição geográfica dos\nnós observadores e da taxa de propagação das transações;\nmedições parciais podem subestimar a cobertura real.",
    "data_collection": "Experimental / Automática",
    "measurement_tool": "Nós completos modificados (Bitcoin Core, Geth) para registro de transações P2P; scripts de correlação de blocos;\nanálise de logs em Python e SQL.",
    "use_processes": "Avaliação de transparência de redes blockchain; estudos\nde segurança e propagação P2P; validação de ferramentas\nde monitoramento; auditoria de dados em blockchains\npúblicas.",
    "beneficiaries": "Pesquisadores de segurança; engenheiros de rede blockchain; desenvolvedores de exploradores de blocos; analis-\ntas de dados distribuídos.",
    "references": "Linoy, L., & Ron, D. (2021). Behind Block Explorers: Public\nBlockchain Measurement and Security Implication. IEEE Access.\n— Apresenta a métrica de cobertura de transações para avaliar a\ncompletude das observações públicas sobre blockchains, revelando\nlimitações na coleta de dados por exploradores e nós medidores.\n342"
  },
  "source": {
    "pdf": "catalogo_de_metricas.pdf",
    "table": "Tabela 148"
  }
}