{
  "id": "t14",
  "table_no": 14,
  "name": "Número de Transações",
  "iso25010": {
    "characteristic": "Eficiência de Desempenho",
    "subcharacteristic": "Capacidade"
  },
  "fields": {
    "equation": "Ntx([t0, t1]) =\nn\nX\ni=1\n1{txi ∈[t0, t1]}.\nRelação com throughput: TPS ≈Ntx([t0, t1])\nt1 −t0\n. Em\nmodelos de filas (Fabric), chegada λ e taxa de serviço µ\ndeterminam o volume sustentável por nó/ordenação.\nMétricas\nAssociadas\nThroughput (TPS); Latência; Taxa de\nsucesso/invalidade; Tamanho de bloco; Block time; Uso\nde recursos.\nAtributo\nRelacionado\nTaxa de chegada (λ); Capacidade de serviço (µ);\nParâmetros de consenso e de bloco; Políticas de\nacesso/controle.\n38",
    "protocol": "1. Definir escopo e contagem: incluir apenas\ntransações submetidas, confirmadas ou comitadas?\n(especificar).\n2. Definir janela [t0, t1] e fonte (explorador, nó local,\nlogs do orderer/peer/cliente).\n3. Coletar IDs/receipts por bloco/canal/contrato;\nremover duplicidades e considerar a cadeia canônica\n(reorgs).\n4. Reportar também TPS médio/mediana e taxa de\nsucesso; relacionar com parâmetros (tamanho de bloco,\nblock time, número de nós).\n5. (Fabric) Relacionar Ntx com λ e µ (M/D/1) para\ndimensionar número de ordenadores.",
    "comment": "Em saúde/IIoMT, estudos mostram que aumentar\nnúmero de transações e tamanho de bloco eleva a\nlatência média em estágios de validação/commit;\nportanto, Ntx deve ser analisado junto a TPS/latência\npara evitar subdimensionamento. Em arquiteturas de\nmonetização de dados IoT, o volume transacional\ntambém reflete adesão/uso do marketplace.",
    "interpretation": "Maior Ntx indica maior volume processado/gerado no\nperíodo. Em testes, volumes altos com TPS/latência\nestáveis sugerem boa escalabilidade; volumes altos com\nqueda de TPS ou aumento de latência indicam gargalos\n(ordenação/consenso/armazenamento).",
    "unit": "Transações (tx).",
    "scale_type": "Absoluta (contagem).",
    "precision": "Depende da fonte (nó local vs. explorador) e da política\n(incluir apenas válidas/confirmadas). Garantir\nconsistência temporal e evitar dupla contagem em\nreorgs/canais múltiplos.",
    "data_collection": "Automática\nFerramenta de\nMedição\nWeb3/JSON-RPC (contagem por bloco/contrato);\nexploradores; métricas do orderer/peer (Fabric); scripts\nde auditoria; painéis de monitoramento. Estudos\nrelatam coletas até 10.000 transações para avaliação de\nthroughput/latência.",
    "use_processes": "Planejamento de capacidade (dimensionamento de\norderers/validadores); avaliação de políticas de\nacesso/controle em saúde; análise de demanda em\nmarketplaces IoT; estudos de confiança com grande\nvolume de interações.\n39\n\nBeneficiários\nPotenciais\nEngenheiros(as) de blockchain/IoT; SRE/Operações;\nArquitetos(as) de sistemas; Gestores(as) de\nproduto/SLA; Pesquisadores(as).",
    "references": "(1) Ali et al. — A Blockchain-Based Framework for IoT\nData Monetization Services.\n(2) Ali et al. — Homomorphic Encryption &\nConsortium Blockchain for IIoMT.\n(3) Wai et al. — Performance Evaluation of M/D/1\nQueuing Model on Hyperledger Fabric.\n(4) Pal et al. — A blockchain-based trust management\nframework with verifiable interactions.\n(5) Tahir Yinka et al. — Improving the data access\ncontrol using blockchain for healthcare domain.\n40"
  },
  "source": {
    "pdf": "catalogo_de_metricas.pdf",
    "table": "Tabela 14"
  }
}