{
  "id": "t153",
  "table_no": 153,
  "name": "Taxa de Transações",
  "iso25010": {
    "characteristic": "Eficiência de Desempenho",
    "subcharacteristic": "Capacidade"
  },
  "fields": {
    "definition": "Mede a quantidade de transações processadas ou confirmadas por unidade de tempo em uma rede blockchain.\nEssa métrica representa a intensidade de fluxo de transações, refletindo a demanda e o desempenho dinâmico\nda rede.",
    "objective": "Quantificar o desempenho operacional da blockchain sob\ndiferentes níveis de carga e avaliar sua capacidade de lidar\ncom variações no volume de transações sem comprometer\na latência ou a estabilidade da rede.\nModelo\nde\nQualidade\nISO/IEC 25010",
    "equation": "Transaction Rate = Ntransações processadas\n∆t\nonde Ntransações processadas é o número de transações concluídas em um intervalo de tempo ∆t.\nMétricas\nAssociadas\nTransaction Latency; Confirmation Time; Number of\nTransactions; Block Size; Network Throughput\nAtributo\nRelacionado\nVolume de Transações; Taxa de Chegada; Capacidade\nde Bloco; Desempenho da Rede",
    "protocol": "1) Definir o intervalo de observação [t0, t1].\n2) Contar as transações processadas/confirmadas nesse\nperíodo usando logs de nós ou exploradores.\n3) Calcular a taxa média TPS = N/(t1 −t0).\n4) Repetir a medição sob diferentes cargas de rede para\ndeterminar o comportamento sob carga.",
    "comment": "A Taxa de Transações é uma métrica fundamental para\nmedir a escalabilidade e o desempenho de blockchains\npúblicas e privadas. No contexto de Bitcoin e Ethereum,\nessa métrica é influenciada pelo tamanho do bloco, tempo\nde propagação e incentivos de mineração. Uma taxa\nbaixa pode indicar gargalos na rede, enquanto uma taxa\nalta pode afetar a descentralização se exigir maior poder\ncomputacional.\n351\n\nInterpretação\ndo\nValor Medido\nValores mais altos indicam maior eficiência e capacidade\nde throughput, mas podem estar associados a maior uso\nde recursos e risco de centralização. Valores muito baixos\nindicam congestionamento ou limitação de desempenho.",
    "unit": "Transações por segundo (TPS) ou transações por bloco",
    "scale_type": "Razão",
    "precision": "Depende da granularidade temporal da medição e da\nconsistência dos dados dos nós observados.",
    "data_collection": "Automática / Experimental",
    "measurement_tool": "Exploradores de blockchain; APIs RPC (getblock,\ngetblockcount); simuladores de desempenho; métricas\nPrometheus/Grafana.",
    "use_processes": "Avaliação de escalabilidade; calibração de parâmetros de\nconsenso; análise de desempenho em condições de pico;\nestudo de impacto de políticas de taxa de transação.",
    "beneficiaries": "Engenheiros(as) de blockchain; arquitetos(as) de sistemas\ndistribuídos; operadores de nós; pesquisadores(as) de\ndesempenho.",
    "references": "Gebraselase, B. G., Helvik, B. E., & Jiang, Y. (2021). Effect of\nMiner Incentive on the Confirmation Time of Bitcoin Transactions.\n2021 IEEE International Conference on Blockchain, pp. 521–529.\n352"
  },
  "source": {
    "pdf": "catalogo_de_metricas.pdf",
    "table": "Tabela 153"
  }
}