{
  "id": "t159",
  "table_no": 132,
  "name": "Número de Votantes",
  "iso25010": {
    "characteristic": "Eficiência de Desempenho",
    "subcharacteristic": "Capacidade"
  },
  "fields": {
    "definition": "Mede a quantidade total de eleitores registrados e efetivamente participantes em um processo de votação baseado em blockchain. A métrica reflete a capacidade do sistema de suportar um determinado número de votantes mantendo níveis aceitáveis de desempenho, segurança e confiabilidade.",
    "objective": "Avaliar a escalabilidade e a capacidade de sistemas de votação baseados em blockchain, identificando o impacto do aumento do número de votantes sobre métricas como latência de votação, throughput de transações e custo de execução de contratos inteligentes.",
    "equation": "NV = |V|,\nonde V representa o conjunto de eleitores válidos que registraram ou submeteram votos durante o período de votação.",
    "protocol": "1) Definir o processo eleitoral e o período de votação.\n2) Registrar os eleitores autorizados no contrato inteligente.\n3) Monitorar o número de votos submetidos e validados.\n4) Contabilizar o número total de votantes ativos.\n5) Avaliar o impacto do aumento de NV sobre latência, throughput e consumo de recursos.\n6) Comparar resultados sob diferentes escalas de participação.",
    "comment": "No mecanismo de votação seguro baseado em blockchain e redes 5G, o número de votantes é um fator crítico para avaliar a escalabilidade do sistema. O estudo demonstra que contratos inteligentes bem projetados conseguem suportar um grande número de eleitores, mantendo integridade, transparência e desempenho adequado mesmo sob alta participação.",
    "unit": "Quantidade absoluta (número de eleitores)",
    "scale_type": "Razão",
    "precision": "Alta, pois o número de votantes é obtido diretamente a partir dos registros do contrato inteligente.",
    "data_collection": "Automática (registro de votos e logs do contrato inteligente)",
    "measurement_tool": "Logs de contratos inteligentes; exploradores de blockchain; scripts de análise de transações; ferramentas de monitoramento de desempenho.",
    "use_processes": "Avaliação de escalabilidade de sistemas de votação; planejamento de eleições eletrônicas; análise de carga e desempenho; validação de soluções de e-governança.",
    "beneficiaries": "Desenvolvedores de sistemas de votação; autoridades eleitorais; pesquisadores em e-governança; arquitetos de sistemas distribuídos.",
    "references": "Kumar, R.; Tripathi, R.; Khanna, A. Blockchain-Based Secure Voting Mechanism Underlying 5G Network: A Smart Contract Approach. IEEE Network / IEEE Access, 2020."
  },
  "source": {
    "pdf": "Blockchain-Based_Secure_Voting_Mechanism_Underlying_5G_Network_A_Smart_Contract_Approach.pdf",
    "table": "Tabela 159"
  }
}