{
  "id": "t17",
  "table_no": 17,
  "name": "Processing Time",
  "iso25010": {
    "characteristic": "Eficiência de Desempenho",
    "subcharacteristic": "Comportamento Temporal"
  },
  "fields": {
    "equation": "Processing Time = Tfim −Tinício.\nOpcionalmente: Processing Time = Tfila + Texec.\nMétricas\nAssociadas\nLatência (end-to-end); Throughput; Consumo de\nCPU/RAM; Consumo de energia; End-to-end delay;\nJitter; Gas cost.\nAtributo\nRelacionado\nEficiência energética; Escalabilidade; Confiabilidade da\nconfirmação.\n45",
    "protocol": "1. Escopo: definir o que constitui “processamento”\n(p. ex., apenas execução local/validação ou também\netapa de consenso).\n2. Marcadores: instrumentar Tinício no início da\nexecução/validação e Tfim ao concluir a operação (ponto\nde commit/registro).\n3. Ambiente: registrar hardware, consenso, número de\nnós, tamanho do bloco/tx, carga (taxa de requisições),\npolíticas de prioridade/importância.\n4. Coleta: executar sob diferentes cargas (baixa,\nnominal, estresse) e tamanhos de lote; coletar amostras\nsuficientes.\n5. Análise: reportar estatísticas (média, desvio,\np50/p95/p99); opcionalmente decompôr Tfila e Texec.\n6. Controle: sincronizar relógios (NTP/PTP) e fixar\nsemente/dataset para reprodutibilidade.",
    "comment": "Em dispositivos de borda, o tempo de processamento\npode crescer substancialmente sob contratos\nfrequentes/“near-real-time”; classificações de\nimportância e redução de sobrecarga criptográfica\npodem reduzir o tempo. Em blockchains\npermissionadas/públicas, a definição do escopo (apenas\nexecução local vs. incluir consenso) altera o valor\nmedido.",
    "interpretation": "Menores valores indicam maior eficiência. Priorizar\npercentis (p95/p99) para capturar caudas sob\ncontenção/estresse; comparar cenários com e sem\nconcorrência de outras rotinas de borda.",
    "unit": "Milissegundos (ms) ou segundos (s).",
    "scale_type": "Absoluta (razão).",
    "precision": "Limitada pela resolução do temporizador e\nsincronização de relógios; recomenda-se NTP/PTP e\namostragem de alta resolução.",
    "data_collection": "Automática (instrumentação de código, logs de\nnó/cliente, rastreamento).\nFerramenta de\nMedição\nLogs/traços do cliente (p. ex., Web3/JSON-RPC);\nmedidores de tempo no código; monitores de sistema\n(htop/Perf); simuladores/ns-3; scripts Python/Bash;\nmedição em hardware de borda (Raspberry Pi, shunt\npara potência).",
    "use_processes": "Benchmarking de contratos/consensos; tuning de\nparâmetros (tamanho de bloco, número de\nmineradores/validadores); desenho de SLAs em\nIIoT/saúde/energia; planejamento de capacidade.\n46\n\nBeneficiários\nPotenciais\nEngenheiros de desempenho e SRE; Desenvolvedores de\nsmart contracts; Arquitetos de soluções; Gestores de\nproduto e operações.",
    "references": "(1) Exploring blockchain-secured data validation in\nsmart meter readings.\n(2) A blockchain-based approach using proof of\ncontinuous work.\n(3) Integrating the IoT and Blockchain Technology for\nthe Next Generation of Mining Inspection Systems.\n(4) LBSS: A Lightweight Blockchain-Based Security\nScheme for IoT-Enabled Healthcare Environment.\n(5) Smart microgrid energy market: Evaluating\ndistributed ledger technologies for remote and\nconstrained microgrid deployments.\n47"
  },
  "source": {
    "pdf": "catalogo_de_metricas.pdf",
    "table": "Tabela 17"
  }
}