{
  "id": "t19",
  "table_no": 19,
  "name": "Consumo de Recursos",
  "iso25010": {
    "characteristic": "Eficiência de Desempenho",
    "subcharacteristic": "Utilização de Recursos"
  },
  "fields": {
    "definition": "Quantificação dos recursos computacionais consumidos\npor uma aplicação/rede blockchain para executar operações (transações, consultas, deploys) em um período:\nCPU (núcleo·s ou %), memória (MB·s), I/O de disco\n(MB), rede (MB), e bytes armazenados no ledger (onchain) ou em repositórios externos (off-chain, p.ex. IPFS).\nEm avaliações com Hyperledger Fabric, a métrica é reportada junto a latência e TPS sob benchmark Cali-\nper. :contentReference[oaicite:0]index=0 :contentReference[oaicite:1]index=1",
    "objective": "Dimensionar capacidade, identificar gargalos e otimizar\neficiência/custos operacionais (compute, rede, armazenamento). Em e-saúde, arquiteturas que ancoram da-\ndos no ledger e armazenam conteúdo no IPFS reduzem\npressão de armazenamento on-chain, melhorando a escalabilidade sem abrir mão de integridade/controle de\nacesso. :contentReference[oaicite:2]index=2 :contentReference[oaicite:3]index=3",
    "domain_independence": "Alto — aplicável em saúde, IoT/IIoT, identidade, energia,\netc. (dependente do stack e do perfil de carga, não do\ndomínio).\nModelo\nde\nQualidade\nISO/IEC 25010",
    "equation": "Agregado\nvetorial\nno\nperíodo\nP:\nRC(P)\n=\n⟨CPUP, MEMP, IOP, NETP, STOP⟩.\nForma normalizada por transação confirmada: RC/tx =\nRC(P)\nNtx(P) .\nEx.: CPUP (núcleo·s), MEMP (MB·s), IOP (MB lidos/escritos), NETP (MB tx/rx), STOP (bytes on-chain\n+ off-chain).\nMétricas\nAssociadas\nConsumo de Energia; TPS; Latência/Tempo de Resposta;\nCusto de Operação; Custo de Armazenamento; Tamanho\nde Bloco.\nAtributo\nRelacionado\nDisponibilidade; Confiabilidade da confirmação; Escalabilidade (horizontal/vertical).\n51",
    "protocol": "1) Escopo: definir operações-alvo (consulta, escrita,\ndeploy) e janela [t0, t1].\n2) Carga:\nexecutar benchmark (p.ex., Hyperledger\nCaliper) registrando TPS/latência e o número de\ntransações confirmadas.\n3) Coleta:\namostrar CPU/memória/rede/I/O dos\npeers, orderers, clientes e nós IPFS (quando houver) via\ndocker stats/cAdvisor/Prometheus.\n4) Armazenamento: medir bytes adicionados ao ledger\n(on-chain) e ao IPFS/OrbitDB (off-chain).\n5)\nCálculo:\nobter\nRC(P),\nRC/tx\ne\npercentis\n(p50/p95/p99) por recurso; registrar hardware, topologia\ne parâmetros (timeout/tamanho de bloco, políticas de\nbatch).\n6) Análise: correlacionar consumo com TPS/latência\ne avaliar trade-offs on-chain vs.\noff-chain.\n:contentReference[oaicite:4]index=4\n:contentReference[oaicite:5]index=5",
    "comment": "(i) Em Healthchain (Fabric + IPFS), o desempenho\né avaliado com Caliper em termos de transaction\nlatency,\nresource utilization\ne TPS; hashes ficam\non-chain e dados em IPFS, reduzindo o crescimento\ndo ledger e o consumo de armazenamento on-chain.\n(ii) HealthBlock adota Fabric + OrbitDB/IPFS,\nmede desempenho via Caliper e mostra arquitetura em\ncamadas para isolar custos de rede/armazenamento.\n:contentReference[oaicite:6]index=6\n:contentReference[oaicite:7]index=7\nInterpretação\ndo\nValor Medido\nMenor consumo para o mesmo SLA de TPS/latência\nindica maior eficiência. Compare RC/tx entre cenários\ne observe p95/p99 para caudas (spikes sob concorrência). Migrações para armazenamento off-chain tendem\na reduzir STOon-chain ao custo de NET/IO adicionais\nfora da blockchain. :contentReference[oaicite:8]index=8\n:contentReference[oaicite:9]index=9",
    "unit": "CPU: % ou núcleo·s;\nMemória:\nMB ou MB·s;\nRede/I/O: MB; Armazenamento: bytes (on/off-chain).",
    "scale_type": "Razão",
    "precision": "Garantir warm-up e estado estável; sincronizar amostragem entre nós; isolar ruído (serviços colaterais); fixar\nhardware/cotas de contêiner; medir IPFS com pinning\nconsistente. :contentReference[oaicite:10]index=10",
    "data_collection": "Automática\n52",
    "measurement_tool": "Hyperledger Caliper (TPS/latência e coleta de métricas);\ndocker stats/cAdvisor/Prometheus+Grafana;\nAPIs\ndo\ncliente\n(Fabric)\npara\ntamanho\nde\nbloco/ledger;\nIPFS/OrbitDB\npara\nbytes\nefetivos.\n:contentReference[oaicite:11]index=11\n:contentReference[oaicite:12]index=12",
    "use_processes": "Planejamento de capacidade; otimização de contratos\ne parâmetros (tamanho/timeout de bloco); decisão onchain vs. off-chain; SRE/FinOps; comparativos entre\nstacks (Fabric/Quorum, etc.).",
    "beneficiaries": "Engenheiros(as) de blockchain; SRE/Operações; Arquitetos(as); Gestores(as) de produto/SLA; FinOps.",
    "references": "(1) Mani et al. (2021) Hyperledger Healthchain: Patient-Centric\nIPFS-Based Storage of Health Records — Fabric + IPFS; avaliação\ncom Caliper de latência, resource utilization e TPS. :contentReference[oaicite:13]index=13\n(2) Zaabar et al. (2021) HealthBlock: A secure blockchain-based\nhealthcare data management system — arquitetura em camadas (Fabric + OrbitDB/IPFS), desempenho com Caliper (th-\nroughput/latência) e discussão de escalabilidade. :contentReference[oaicite:14]index=14\n53"
  },
  "source": {
    "pdf": "catalogo_de_metricas.pdf",
    "table": "Tabela 19"
  }
}