{
  "id": "t23",
  "table_no": 23,
  "name": "Taxa de Forks",
  "iso25010": {
    "characteristic": "Confiabilidade",
    "subcharacteristic": "Tolerância a Falhas"
  },
  "fields": {
    "definition": "Proporção de blocos gerados que não permanecem na\ncadeia principal (isto é, blocos órfãos/obsoletos). Mede\no desperdício de poder de mineração/validação devido a\nconcorrência de blocos durante a propagação.",
    "objective": "Avaliar a saúde do plano de dados e do protocolo de\npropagação: taxas mais altas indicam atraso de difusão\nelevado e maior risco para segurança/eficiência; melhorias\nde protocolo/topologia e de rede tendem a reduzir a taxa\nde forks.",
    "domain_independence": "Alto — aplicável a redes públicas (PoW/PoS) e consórcios que mantêm cadeia canônica única.\nModelo\nde\nQualidade\nISO/IEC 25010",
    "equation": "Taxa de Forks =\nNstale\nNstale + Nmain\n× 100%\nOnde Nstale é o número de blocos gerados e não incluídos\nna cadeia principal na janela de observação; Nmain é o\nnúmero de blocos efetivamente consolidados na cadeia\nprincipal na mesma janela.\nMétricas\nAssociadas\nTempo de propagação de blocos (p50/p90/p99); Tempo\nde bloco; Tamanho de bloco; Vazão (TPS); Fairness\n(equidade); Taxa de reorgs.\nAtributo\nRelacionado\nLatência de confirmação; Disponibilidade; Segurança\ncontra selfish mining.",
    "protocol": "1) Escopo: definir a janela [t0, t1] e a rede-alvo.\n2) Coleta da cadeia: para cada altura, identificar\nbloco(s) gerados e determinar qual ficou na main chain\n(cadeia com maior dificuldade/total de trabalho) e quais\nse tornaram órfãos/obsoletos.\n3) Contagem: computar Nstale e Nmain na janela.\n4) Cálculo: aplicar a fórmula da taxa de forks; reportar\ntambém séries temporais e percentis de propagação.\n5) Contexto: registrar parâmetros e condições (tamanho/intervalo de bloco, uso de compact block relay/CBR,\nlargura de banda/RTT, topologia/seleção de vizinhos).\n63",
    "comment": "Atrasos de propagação elevam a probabilidade de blocos concorrentes na mesma altura, aumentando a taxa\nde forks. Otimizações de topologia (p.ex., seleção de\nvizinhos baseada em capacidade de propagação) e protocolos de propagação (p.ex., Compact Block Relay)\nreduzem significativamente a taxa de forks ao encurtar\na difusão do bloco. Em estudos de 2015→2019 para\nBitcoin, melhorias de protocolo e de Internet reduziram\na propagação (p50/p90) e a taxa de forks de ∼2,79%\npara ∼0,19% em cenários com CBR.\nInterpretação\ndo\nValor Medido\nMenor é melhor. Valores baixos indicam difusão eficiente e menor desperdício de trabalho; quedas sustentadas\napós alterações (CBR, limites de bloco, vizinhança) são\nevidência de melhoria real.\nObservar conjuntamente\np95/p99 de propagação, pois caudas longas sustentam\nforks.",
    "unit": "Percentual (%) ou fração (0–1).",
    "scale_type": "Razão.",
    "precision": "Exigir critérios consistentes para identificar stale/órfãos\n(somente blocos fora da cadeia principal); considerar\nreorgs temporários; usar janela suficientemente grande\ne relógios sincronizados para métricas de propagação\ncorrelatas.",
    "data_collection": "Automática.",
    "measurement_tool": "Clientes e explorers (RPC para obter cadeia e pontas —\nex.: getchaintips); simuladores (ex.: SimBlock) para\nwhat-if ; coletores/telemetria para tempos de recepção\nde blocos por nó.",
    "use_processes": "Avaliar mudanças de parâmetro (tamanho/intervalo\nde bloco); adoção de CBR/relays; otimização de vizinhança/topologia; planejamento de capacidade e SLAs;\ncomparação entre versões de cliente/rede.",
    "beneficiaries": "Engenheiros(as)\nde\nprotocolo/blockchain;\nSRE/Operações;\nPesquisadores(as);\nGestores(as)\nde produto/SLA.",
    "references": "(1) Nagayama et al. Identifying Impacts of Protocol and Internet\nDevelopment on the Bitcoin Network — simulação 2015×2019:\nCBR e melhorias de Internet reduzem propagação (p50/p90) e\nfork rate.\n(2) Jiang & Wu. Taming Propagation Delay and Fork Rate in Bitcoin Mining Network — otimização de topologia (RNS), métricas\ne correlação direta entre tempo de propagação e taxa de forks.\n64"
  },
  "source": {
    "pdf": "catalogo_de_metricas.pdf",
    "table": "Tabela 23"
  }
}