{
  "id": "t24",
  "table_no": 24,
  "name": "Vazão",
  "iso25010": {
    "characteristic": "Eficiência de Desempenho",
    "subcharacteristic": "Capacidade"
  },
  "fields": {
    "equation": "Throughput = Ntransações confirmadas\n∆t\nMétricas\nAssociadas\nLatência; Taxa de falhas (fail rate); Utilização de banda;\nTaxa de reorg; Tamanho de bloco; Tempo médio de\nbloco.\nAtributo\nRelacionado\nEficiência no uso de recursos; Escalabilidade da rede;\nConfiabilidade de confirmação.",
    "protocol": "1. Definir o intervalo de observação (∆t) e o critério de\nconfirmação (inclusão em bloco, k confirmações ou\nfinality gadget).\n2. Gerar carga controlada (taxa de requisições) e\nregistrar transações confirmadas dentro de ∆t.\n3. Calcular TPS = N/∆t e reportar estatísticas (média,\ndesvio, picos).\n4. Documentar condições: consenso\n(PoW/PoS/PBFT/IBFT/Raft), número de nós, largura\nde banda, latência de rede, limites de bloco/mempool.",
    "comment": "Consensos BFT (PBFT/IBFT) em redes\npermissionadas costumam oferecer maior throughput\nque PoW, com trade-offs de descentralização e\ntolerância a falhas bizantinas. Em cenários sem fio/edge\n(IIoT, V2X), restrições de canal e sobrecarga do\nconsenso podem limitar a vazão; otimizações de rede e\nde parâmetros do mempool/bloco são determinantes.\n65",
    "interpretation": "Valores maiores indicam maior capacidade de\nprocessamento. Deve-se analisar a relação\nthroughput–latência (não sacrificar confirmação\nexcessivamente) e a estabilidade sob variação de carga\n(ausência de quedas abruptas e filas crescentes).",
    "unit": "Transações por segundo (TPS).",
    "scale_type": "Absoluta",
    "precision": "Depende da acurácia da contagem de confirmações e da\ngranularidade temporal (∆t). Preferir relógios\nsincronizados (NTP/PTP) e coleta direta de eventos de\nconfirmação.",
    "data_collection": "Automática\nFerramenta de\nMedição\nHyperledger Caliper (avaliação de throughput/latência);\nPrometheus/Grafana com exportadores dos nós;\nsimuladores (ex.: ns-3 para V2X) e scripts de coleta em\nclientes/validadores.",
    "use_processes": "Benchmarking de consensos; Testes de escalabilidade;\nPlanejamento de capacidade; Definição/monitoramento\nde SLAs.\nBeneficiários\nPotenciais\nDesenvolvedores; Arquitetos de sistemas; Operadores de\nrede/SRE; Gestores de produto/SLA.\n66",
    "references": "Abdella et al. (2021), Architecture and Performance\nEvaluation of Blockchain-Based P2P Energy Trading\n(avalia read/write throughput comparando IBFT, PoW e\nRaft).\nKhezr et al. (2022), Edge-Intelligent Blockchain-Based\nReputation System for IIoT (mede transaction\nthroughput junto a latência e consumo de recursos).\nLiu et al. (2020), B4SDC: A Blockchain System for\nSecurity Data Collection in MANETs (simulações com\nfoco em eficiência e alta vazão sob PoS adaptado).\nGoyat et al. (2023), BENIGREEN: Blockchain-Based\nEnergy-Efficient Privacy-Preserving Scheme for Green\nIoT (experimentos reportam throughput e tempo de\noperação).\nChavhan et al. (2023), Edge-Enabled Blockchain-Based\nV2X Scheme (simula throughput, delay e jitter em ITS).\nZhang et al. (2022), How Much Communication\nResource is Needed to Run a Wireless Blockchain\nNetwork? (discute relação recurso de\ncomunicação–throughput/latência para PoW, PBFT e\nRaft).\nGonçalves et al. (2020), A Quality of Service\nCompliance System (throughput como parte de QoS e\nSLAs).\n67"
  },
  "source": {
    "pdf": "catalogo_de_metricas.pdf",
    "table": "Tabela 24"
  }
}