{
  "id": "t25",
  "table_no": 25,
  "name": "Custo da Transação",
  "iso25010": {
    "characteristic": "Eficiência de Desempenho",
    "subcharacteristic": "Utilização de Recursos"
  },
  "fields": {
    "equation": "Custo de Transação (ETH) =\ngasUsed (gas) × gasPrice (ETH/gas). Componentes do\npreço em Ethereum (EIP-1559): Base Fee Per Gas +\nPriority Fee Per Gas (limitados por Max Fee Per Gas).\nMétricas\nAssociadas\nExecution cost; Deployment cost; GasUsed por função;\nTaxa de sucesso de transação; Tamanho médio de bloco;\nThroughput. Exemplos práticos reportam transaction\ncost e execution cost por função em contratos de energia\ne PHR.\nAtributo\nRelacionado\nLatência (tempo de confirmação pode influenciar\npriority fee); Escalabilidade; Disponibilidade\norçamentária (FinOps).\n68",
    "protocol": "1) Definir o escopo: funções on-chain a medir (incluindo\ndeploy).\n2) Instrumentar a coleta de gasUsed por função (ex.:\nRemix/Truffle/Hardhat) e registrar gasPrice efetivo.\n3) Calcular custo via gasUsed × gasPrice e converter\npara moeda desejada (ETH, USD).\n4) Identificar hotspots de gás (ex.: SSTORE, custo fixo de\nTRANSACTION) e otimizar armazenamento/lógicas.\n5) Reportar estatísticas por função (mediana, p95) e\ncenários de rede (congestionada/normal).\nFundamentos: custo depende do opcode executado;\nTRANSACTION e SSTORE dominam o uso de gás em\nmuitos casos.",
    "comment": "Redução de custo de dados: usar\nIPFS/armazenamento off-chain e manter apenas hashes\non-chain reduz gas. Demostrado em energia/EVs (IPFS\npara aliviar custo de armazenamento) e em PHR (tabela\nde custos por função). Escolha de ledger: BSC/PoSA\ntende a custos menores vs. Ethereum; avaliar trade-offs\nde segurança/descentralização. Mitigações: L2, PoS e\notimização de contratos são práticas recomendadas.",
    "interpretation": "Menores custos indicam melhor eficiência econômica.\nAvaliar separadamente transaction cost, execution cost e\ndeployment cost. Em ambientes sensíveis a custo,\npriorizar percentis superiores (p95/p99) sob picos de\npreço de gás.",
    "unit": "ETH; Gwei/gas (para preço); conversões usuais para\nUSD/BRL conforme taxa de câmbio.",
    "scale_type": "Absoluta",
    "precision": "gasUsed é determinado pelo código executado (opcodes),\nporém varia com dados dinâmicos (ex.: SSTORE >256\nbits); o gasPrice flutua com a congestão da rede,\nafetando o erro de estimativa.",
    "data_collection": "Automática\nFerramenta de\nMedição\nRemix/IDE EVM; web3.js (getGasPrice);\nEtherscan/BscScan; Eth Gas Station (monitorar preço\nde gás); exploradores e relatórios de simulação.",
    "use_processes": "Engenharia de desempenho/custos; Planejamento de\ncapacidade; Seleção de ledger (comparativos EVM para\nIoT); Definição/monitoração de SLAs e OPEX.\nBeneficiários\nPotenciais\nEngenheiros de smart contracts; Arquitetos de soluções\nWeb3; SRE/DevOps/FinOps; Gestores de produto.\n69",
    "references": "(1) Traceability Management System Using Blockchain Technology\nand Cost Estimation in the Metrology Field — definição de taxa,\nequação do custo e análise de gás/preço.\n(2) Towards a Smarter IoT Environment with EVM Enabling Ledgers — motivação para reduzir custos em IoT e comparação de\nledgers EVM.\n(3) Blockchain-Based Energy Trading Scheme for EVs. . . — avaliação de gas, transaction e execution cost; uso de IPFS para aliviar\ncusto.\n(4) Blockchain for Giving Patients Control Over Their Medical\nRecords — tabela de custos por função e conversão para USD.\n(5) MRBSChain. . . (BSC) — comparação ETH vs. BSC (custo\nde transação baixo na BSC).\n70"
  },
  "source": {
    "pdf": "catalogo_de_metricas.pdf",
    "table": "Tabela 25"
  }
}