{
  "id": "t27",
  "table_no": 27,
  "name": "Transações por Segundo",
  "iso25010": {
    "characteristic": "Eficiência de Desempenho",
    "subcharacteristic": "Capacidade"
  },
  "fields": {
    "equation": "Definição geral: TPS = Ntx,confirmadas\n∆t\n.\nPoW (Bitcoin): TPS = (1 −Rstale) ·\nNt\nTblock\n, onde Rstale é\na razão de blocos órfãos e Nt o nº de transações por\nbloco; Tblock é o tempo médio de bloco.\nMétricas\nAssociadas\nBlock time; Razão de blocos órfãos/stale; # de uncle\nblocks; Latência; Gas limit; # de blocos perdidos (NBL).\nAtributo\nRelacionado\nLatência; Confiabilidade da confirmação;\nDisponibilidade.",
    "protocol": "1) Escopo: definir janela [t0, t1] e política de contagem\n(somente cadeia principal; em Ethereum incluir\ntransações de uncle blocks sem conflito).\n2) Coleta: obter Ntx,confirmadas via cliente\n(geth/Besu/Fabric) e o tempo efetivo ∆t; registrar\nTblock, Nt, Rstale, NBL.\n3) Cálculo: aplicar a fórmula geral ou a forma analítica\nquando aplicável (PoW/estocástica).\n4) Contexto: relatar parâmetros (block time, gas limit,\nnº de validadores/seladores, shards) e cenário.\n73",
    "comment": "(i) Sharding pode elevar substancialmente TPS em\nconsórcios: simulações OMNeT++ mostram ganhos de\n∼5–30× com 4–16 shards e até ∼50× com 16 shards e\n400 nós. (ii) Parâmetros de bloco (tempo e gas\nlimit) têm trade-offs: reduzir block time aumenta TPS,\nporém cresce NBL; gas limit maior em redes privadas\naumenta TPS com pouco impacto em NBL. (iii)\nSegurança: Selfish mining provoca mais forks/stale e\nreduz TPS; em Bitcoin a queda tende a ser quase linear\ncom o aumento do % de hash egoísta.",
    "interpretation": "Maior é melhor. Comparar TPS com os requisitos do\nserviço; analisar distribuições por janela (p50/p95) e\nsensibilidade a parâmetros de consenso/rede.\nObserva-se 7 TPS em Bitcoin por limitações de PoW e\nescala; consórcios com BFT e sharding obtêm valores\nmuito superiores.",
    "unit": "Transações por segundo (tps).",
    "scale_type": "Razão",
    "precision": "Acurácia depende de excluir transações não confirmadas\ne reorgs; estimar Rstale (PoW) e NBL (consórcios) para\ncorrigir o denominador efetivo.",
    "data_collection": "Automática\nFerramenta de\nMedição\nClientes/JSON-RPC (geth/Besu) e painéis; métricas de\nHyperledger Fabric; scripts de leitura de\nblocos/transações; exportadores para\nPrometheus/Grafana. Em estudos práticos, os autores\najustam block time/gas limit e medem TPS/NBL.",
    "use_processes": "Benchmarking de plataformas; planejamento de\ncapacidade; tuning de consenso; avaliação de esquemas\nde sharding; testes de regressão e SRE.\nBeneficiários\nPotenciais\nEngenheiros(as) de blockchain; SRE/DevOps;\nArquitetos(as) de sistemas; Gestores(as) de\nproduto/SLA; Pesquisadores(as).",
    "references": "(1) Yang et al., Assessing Blockchain Selfish Mining in an Imperfect Network — define e derivam fórmulas de TPS considerando\nforks/stale e analisam o impacto do selfish mining.\n(2) Zhou et al., A Dynamic Sharding Protocol Design for Consortium Blockchains — mostra ganhos de até ∼50× em TPS via\nsharding dinâmico em redes de consórcio.\n(3) Javed et al., Health-ID: A Blockchain-Based Decentralized Identity (Ethereum Consortium) — avalia efeito de block time e gas\nlimit em TPS e NBL; recomendações práticas (p.ex., 5–10 s; até\n∼130 TPS em privado).\n(4) Shahbazi & Byun, Blockchain and ML for Ride-Hailing (Hyperledger Fabric) — descreve processo transacional e aponta alto\nTPS em Fabric no estudo de caso.\n74"
  },
  "source": {
    "pdf": "catalogo_de_metricas.pdf",
    "table": "Tabela 27"
  }
}