{
  "id": "t28",
  "table_no": 28,
  "name": "Acurácia das informações de resumo",
  "iso25010": {
    "characteristic": "Adequação Funcional",
    "subcharacteristic": "Acurácia Funcional"
  },
  "fields": {
    "definition": "Mede a precisão dos metadados registrados em\nblockchain em relação ao conteúdo real dos dados armazenados off-chain. Indica o grau de correspondência\nentre o resumo das informações (data summary) inserido\nna Data Summary Chain (DSC) e o conjunto de dados\nefetivamente disponibilizado pelo provedor, verificável\npor meio de funções de hash e validações criptográficas.",
    "objective": "Garantir a veracidade das informações on-chain\nutilizadas em negociações de dados, promovendo confiança entre provedores e consumidores em ecossistemas\ndescentralizados. Essa métrica busca assegurar que o\nsumário armazenado em blockchain represente fielmente\no conteúdo real, prevenindo fraudes, discrepâncias ou metadados enganosos que possam comprometer contratos\ninteligentes e o processo de data trading.\nModelo\nde\nQualidade\nISO/IEC 25010",
    "equation": "A métrica é representada por um valor escalar normalizado:\nEUID(1)\ni\n∈[0, 1].\nUm valor EUID(1)\ni\n= 1 indica total correspondência entre o resumo registrado no blockchain (hash, atributos,\ntipo e volume de dados) e o conjunto de dados real, enquanto valores próximos de 0 refletem inconsistências ou\nmetadados imprecisos.\nMétricas\nAssociadas\nQuality of Valid Data Features (EUID(2)\ni ); Data Application Performance Quality (EUID(3)\ni ); Data Provenance\nAccuracy; Hash Integrity Rate\nAtributo\nRelacionado\nIntegridade criptográfica; Confiabilidade dos metadados;\nVeracidade das transações on-chain; Consistência entre\ncadeias (summary chain e evaluation chain)\n75",
    "protocol": "1) O provedor registra no blockchain um data summary\ncontendo tipo, formato, quantidade e hash do conjunto\nde dados.\n2) Durante a negociação, o smart contract utiliza essas\ninformações para o processo de correspondência (data\nmatching).\n3) Após o consumo, o requisitante avalia a precisão entre\no sumário e o conjunto de dados real.\n4) O resultado da avaliação é convertido em uma pontuação EUID(1)\ni\ne armazenado na Evaluation Chain (EC)\npara compor o histórico de reputação do provedor.",
    "comment": "Em sistemas de comércio de dados baseados em blockchain, o conteúdo completo dos dados é mantido fora\nda cadeia, enquanto apenas o resumo e o hash são registrados on-chain. Assim, a Accuracy of the Summary\nInformation atua como um indicador essencial da integridade e transparência das representações on-\nchain, garantindo que as operações de troca de dados e\nrecompensas reflitam informações legítimas e verificáveis.\nInterpretação\ndo\nValor Medido\nValores mais altos (próximos de 1) indicam metadados\nprecisos e alta confiança no provedor; valores baixos\nsugerem inconsistências, podendo resultar em perda de\nreputação ou penalidades automáticas em contratos inteligentes.",
    "unit": "Escalar adimensional (0 a 1)",
    "scale_type": "Razão",
    "precision": "Determinada pela robustez do algoritmo de hash e pela\ncompletude dos metadados registrados. Blockchains que\nempregam funções hash seguras (como SHA-256) e validação cruzada entre cadeias (summary e evaluation)\napresentam maior precisão.",
    "data_collection": "Automática (via contratos inteligentes e verificações criptográficas on-chain)",
    "measurement_tool": "Smart contracts da Evaluation Chain (EC) do sistema\nDataTBC; verificações de hash e assinatura digital; logs\nde reputação gerados pelo contrato de avaliação.",
    "use_processes": "Monitoramento da integridade de metadados; controle de\nreputação de provedores; auditoria de dados em sistemas\ndescentralizados; verificação de consistência em transações de dados; suporte à governança em marketplaces\nblockchain.",
    "beneficiaries": "Operadores de plataformas blockchain; desenvolvedores\nde smart contracts; provedores e consumidores de dados; auditores de integridade; agentes de governança\ndistribuída.\n76",
    "references": "Hu, D., Li, Y., Pan, L., Li, M., Zheng, S. A Blockchain-based\nTrading System for Big Data. Computer Networks, 191 (2021)\n107994 — define EUID(1)\ni\ncomo métrica para avaliar a precisão das\ninformações de sumário registradas em blockchain, determinando\na qualidade das negociações de dados e a reputação dos provedores\nno sistema DataTBC.\n77"
  },
  "source": {
    "pdf": "catalogo_de_metricas.pdf",
    "table": "Tabela 28"
  }
}