{
  "id": "t30",
  "table_no": 30,
  "name": "Anonymity Level",
  "iso25010": {
    "characteristic": "Segurança",
    "subcharacteristic": "Confidencialidade"
  },
  "fields": {
    "definition": "Mede o grau de anonimato efetivo de um participante\nem um sistema blockchain, refletindo a dificuldade de\nassociar uma identidade real a uma transação ou ação\nregistrada on-chain. Em sistemas de leilão selado baseados em blockchain, representa o nível de proteção que\nimpede que terceiros ou outros participantes vinculem\num lance a um licitante específico.",
    "objective": "Garantir que as transações e interações realizadas em\numa aplicação blockchain, especialmente em leilões eletrônicos ou contratos inteligentes, permaneçam pseudôni-\nmas e não rastreáveis. O anonimato elevado preserva\na integridade e a equidade das negociações, impedindo\nque comportamentos estratégicos ou manipulações de\npreço ocorram com base na identidade dos licitantes.\nModelo\nde\nQualidade\nISO/IEC 25010",
    "equation": "Pode ser representada por uma medida baseada no tamanho do conjunto de anonimato:\nA = |S0|\nN ,\nonde S0 é o conjunto de identidades indistinguíveis\n(anonymity set) e N o número total de participantes.\nAlternativamente, pode-se utilizar uma formulação baseada em entropia de Shannon:\nH = −\nn\nX\ni=1\npi log2(pi),\nonde pi é a probabilidade de um participante ser identificado. Valores maiores de H indicam anonimato mais\nforte.\nMétricas\nAssociadas\nAnonymity Loss;\nLinkability Index;\nBid Privacy;\nRe-identification Probability; Zero-Knowledge Proof\nStrength\nAtributo\nRelacionado\nConfidencialidade de transação; Privacidade de identidade; Segurança criptográfica; Descentralização\n81",
    "protocol": "1) O sistema registra as transações e identidades de forma\npseudônima (endereços ou chaves públicas).\n2) Cada participante gera um compromisso criptográfico de seu lance (Pedersen commitment) e o publica\non-chain.\n3) O smart contract valida o vencedor sem revelar identidades reais, utilizando provas de conhecimento zero (ex.:\nBulletproofs).\n4) Calcula-se o conjunto de identidades indistinguíveis\nS0 com base no grau de visibilidade das transações e\nmetadados.\n5) O valor de anonimato A é derivado de S0 e usado para\ncomparar esquemas de privacidade.",
    "comment": "O Anonymity Level avalia a eficácia dos mecanismos\nde anonimato em sistemas blockchain. No contexto de\nleilões selados, combina criptografia de compromisso (Pedersen) com provas de conhecimento zero (Bulletproofs)\npara ocultar o valor dos lances e as identidades dos licitantes. Um alto nível de anonimato impede inferências\na partir de padrões de transação, tempo de submissão e\nendereços utilizados.\nInterpretação\ndo\nValor Medido\nValores altos indicam que muitos participantes são\nindistinguíveis entre si, garantindo forte anonimato e\nprivacidade; valores baixos indicam menor diversidade\nou possíveis correlações entre identidades e atividades,\nexpondo risco de desanonimização.",
    "unit": "Escalar adimensional (0 a 1) ou bits de entropia (log)",
    "scale_type": "Razão",
    "precision": "Depende da qualidade das técnicas criptográficas aplicadas (comprometimento, prova de conhecimento zero, ofus-\ncação de endereço) e da ausência de metadados correlacionáveis (ex.: IP, timestamp). O uso de zero-knowledge\nproofs aumenta a precisão da estimativa de anonimato.",
    "data_collection": "Automática (análise de transações e comprometimentos\nno blockchain)",
    "measurement_tool": "Smart contracts (Solidity) para registro e verificação\nde compromissos; ferramentas de análise de privacidade\nblockchain (BlockSci, Chainalysis, GraphSense); simuladores de e-auction baseados em Ethereum; bibliotecas\ncriptográficas (ECC, Pedersen, Bulletproofs).",
    "use_processes": "Avaliação de privacidade em sistemas de leilão blockchain;\ncomparação entre esquemas de anonimato (com e sem\nintermediários); validação de contratos inteligentes sob\nmétricas de confidencialidade; análise de impacto de\nprovas de conhecimento zero em privacidade transacional.\n82",
    "beneficiaries": "Desenvolvedores de smart contracts; projetistas de sistemas de leilão eletrônico; pesquisadores em segurança e\nprivacidade blockchain; operadores de plataformas descentralizadas; auditores de conformidade de dados.",
    "references": "Li, H.; Xue, W. A Blockchain-Based Sealed-Bid e-Auction Scheme\nwith Smart Contract and Zero-Knowledge Proof. Security and\nCommunication Networks, 2021, Article ID 5523394. — Define\no uso de compromissos de Pedersen e provas de conhecimento\nzero (Bulletproofs) para garantir anonimato e sigilo de lances em\nleilões selados baseados em blockchain, assegurando privacidade,\nverificabilidade e descentralização sem a necessidade de terceiros\nconfiáveis.\n83"
  },
  "source": {
    "pdf": "catalogo_de_metricas.pdf",
    "table": "Tabela 30"
  }
}