{
  "id": "t32",
  "table_no": 32,
  "name": "Nível de Autenticação",
  "iso25010": {
    "characteristic": "Segurança",
    "subcharacteristic": "Autenticidade"
  },
  "fields": {
    "definition": "Mede o nível de autenticação de identidade em um\nsistema blockchain, ou seja, a capacidade do sistema em\nconfirmar que as entidades que interagem com a rede\n(usuários, nós, contratos) são legítimas e não falsificadas.\nEm contextos de leilões selados e contratos inteligentes,\nesse nível representa a força com que o sistema garante\nque apenas participantes autenticados possam realizar\nações válidas, sem revelar suas identidades reais.",
    "objective": "Garantir que todas as operações registradas na blockchain sejam realizadas por entidades devidamente au-\ntenticadas, prevenindo falsificação de identidade, acessos\nindevidos e ações não autorizadas. O objetivo é elevar o\ngrau de confiabilidade e integridade das interações\non-chain, mantendo a descentralização e eliminando a\nnecessidade de uma autoridade central de autenticação.\nModelo\nde\nQualidade\nISO/IEC 25010",
    "equation": "O nível de autenticação pode ser expresso como a proporção de autenticações bem-sucedidas em relação ao\ntotal de tentativas:\nAL = Nauth_success\nNauth_total\n,\nonde Nauth_success representa o número de interações autenticadas com sucesso (assinatura digital válida, chave\npública confirmada) e Nauth_total o total de tentativas.\nAlternativamente, a verificação criptográfica é formalizada como:\nV = Verify(M, Sig, PK) ⇒true/false,\nonde M é a mensagem (transação), Sig a assinatura\ndigital e PK a chave pública correspondente.\nMétricas\nAssociadas\nNível de Não Repúdio; Efetividade do Controle de Acesso;\nTaxa de Validação de Assinatura; Força da Prova de\nIdentidade; Taxa de Falha de Autenticação\nAtributo\nRelacionado\nIntegridade; Controle de acesso; Autorização de contratos\ninteligentes; Confidencialidade de identidade\n87",
    "protocol": "1) Cada participante registra um par de chaves pública/privada associado ao contrato inteligente.\n2) As interações (envio de lance, verificação, pagamento)\ndevem conter assinaturas digitais válidas (Sig).\n3) O contrato inteligente executa automaticamente a\nverificação via Verify(M, Sig, PK).\n4) Registra-se o número de autenticações válidas\n(Nauth_success) e inválidas (Nauth_fail).\n5) Calcula-se o nível de autenticação AL e analisa-se sua\nconsistência ao longo do tempo e entre transações.",
    "comment": "O Nível de Autenticação de Identidade indica o grau de\nconfiabilidade do processo de autenticação em sistemas\nblockchain descentralizados. No esquema de leilão selado, a autenticação é realizada por meio de assinaturas\ndigitais verificadas automaticamente por contratos inteligentes, dispensando autoridades centralizadas. Um nível\nelevado reflete a eficácia da infraestrutura criptográfica\ne a integridade do processo de verificação distribuída.\nInterpretação\ndo\nValor Medido\nValores altos (próximos de 1) indicam um sistema com\nautenticação forte e verificações confiáveis.\nValores\nbaixos sugerem falhas na verificação de identidade, comprometimento de chaves privadas ou vulnerabilidades em\ncontratos inteligentes.",
    "unit": "Escalar adimensional (0 a 1) ou percentual de autenticações bem-sucedidas (%)",
    "scale_type": "Razão",
    "precision": "Depende da robustez dos algoritmos criptográficos (ECC,\nECDSA, Ed25519) e da segurança das chaves privadas\narmazenadas pelos usuários. Contratos inteligentes auditados e infraestrutura descentralizada aumentam a\nprecisão da medição.",
    "data_collection": "Automática (via registros on-chain e resultados de verificação de assinaturas em contratos inteligentes)",
    "measurement_tool": "Smart contracts (Solidity/Web3.js); bibliotecas de verificação de assinatura (ECDSA, Ed25519); exploradores\nblockchain; ferramentas de auditoria e análise de logs\n(Web3.py, Ethers.js).",
    "use_processes": "Auditoria de autenticação em dApps; validação de identidade em contratos inteligentes; controle de acesso em\nleilões blockchain; análise de robustez criptográfica; verificação de conformidade de segurança.",
    "beneficiaries": "Desenvolvedores de contratos inteligentes; arquitetos de\nsegurança blockchain; operadores de plataformas descentralizadas; auditores de conformidade e integridade;\npesquisadores em autenticação distribuída.\n88",
    "references": "Li, H.; Xue, W. A Blockchain-Based Sealed-Bid e-Auction Scheme\nwith Smart Contract and Zero-Knowledge Proof. Security and\nCommunication Networks, 2021, Article ID 5523394. — Define e\nimplementa autenticação distribuída via smart contract, permitindo que apenas entidades autenticadas participem de leilões, com\nverificação de identidade e assinatura digital sem necessidade de\nautoridade central.\n89"
  },
  "source": {
    "pdf": "catalogo_de_metricas.pdf",
    "table": "Tabela 32"
  }
}