{
  "id": "t35",
  "table_no": 35,
  "name": "Consumo Médio de Gás",
  "iso25010": {
    "characteristic": "Eficiência de Desempenho",
    "subcharacteristic": "Utilização de Recursos"
  },
  "fields": {
    "definition": "Quantidade média de unidades de gas consumidas na\nexecução de um conjunto de transações ou contratos\ninteligentes em uma blockchain. Cada operação executada na EVM (Ethereum Virtual Machine) consome uma\nquantidade específica de gas, e a média dessas execuções\nreflete a eficiência e o custo médio de operação.",
    "objective": "Avaliar a eficiência computacional média e o custo operacional de contratos inteligentes em diferentes cenários\nde execução. Um menor consumo médio de gas indica\nmelhor otimização de código e utilização mais eficiente\ndos recursos da rede.\nModelo\nde\nQualidade\nISO/IEC 25010",
    "equation": "Consumo Médio de Gas\n=\n1\nn\nPn\ni=1 GasUsedi,\nonde\nGasUsedi é o gas efetivamente consumido em cada execução.\nMétricas\nAssociadas\nGas Used; Gas Price; Gas Fee; Execution Cost; Throughput\nAtributo\nRelacionado\nEficiência de Contrato; Escalabilidade; Tempo de Execução; Custos de Transação",
    "protocol": "1) Selecionar o contrato ou processo a ser analisado.\n2) Executar suas funções diversas vezes (ex.: 50–100\nexecuções).\n3) Registrar o valor de gasUsed para cada execução.\n4) Calcular a média e o desvio padrão do consumo total.\n5) Comparar diferentes implementações ou versões para\nidentificar otimizações.",
    "comment": "O consumo médio de gas é uma métrica de eficiência.\nContratos otimizados reduzem operações de armazenamento (SSTORE) e chamadas de função redundantes. Es-\ntratégias como o uso de funções view/pure e eventos\nreduzem significativamente o consumo de gas.\nInterpretação\ndo\nValor Medido\nMenor valor indica maior eficiência e menor custo médio\nde execução. Valores muito baixos podem sugerir omissão\nde operações esperadas.",
    "unit": "gas (unidades de execução)",
    "scale_type": "Razão\n96",
    "precision": "Depende da consistência de execução, versão da EVM,\notimizações do compilador e estado da rede. Repetições\ne médias reduzem variações.",
    "data_collection": "Automática",
    "measurement_tool": "Exploradores de blocos (Etherscan, BlockScout), frameworks\n(Hardhat,\nTruffle),\nbibliotecas\n(Web3.js,\nEthers.js).",
    "use_processes": "Benchmark e auditoria de contratos; análise de escalabilidade; controle de custos operacionais; estudos de\nsustentabilidade em dApps.",
    "beneficiaries": "Desenvolvedores(as) de Smart Contracts; Engenheiros(as) de Blockchain; Auditores(as) de Eficiência; Ges-\ntores(as) de Operações.\nReferência\nArul, T. G., Perumal, V., Guruprasad, B., & Murugan, K. (2021).\nGreen Power Electricity Generation Devices Using BlockchainBased Accent. Journal of Physics: Conference Series, 1964(6),\n062096.\nTakegawa, N., & Furuichi, N. (2023). Traceability Management\nSystem Using Blockchain Technology and Cost Estimation in the\nMetrology Field. Sensors, 23(1673).\n97"
  },
  "source": {
    "pdf": "catalogo_de_metricas.pdf",
    "table": "Tabela 35"
  }
}