{
  "id": "t38",
  "table_no": 38,
  "name": "Entrega de Blocos",
  "iso25010": {
    "characteristic": "Adequação Funcional",
    "subcharacteristic": "Comportamento Temporal"
  },
  "fields": {
    "definition": "Mede o tempo necessário para que um bloco minerado seja propagado e recebido por todos os nós\nda rede blockchain. A métrica quantifica a eficiência da comunicação entre mineradores e nós completos,\nsendo essencial para manter a consistência do ledger\ndistribuído e minimizar bifurcações (forks).",
    "objective": "Avaliar a eficiência da propagação de blocos e seu\nimpacto sobre o tempo de confirmação de transações e a\ntaxa de bifurcação. A entrega rápida de blocos é fundamental para reduzir a latência global do sistema, garantir\na equidade entre mineradores e manter o consenso distribuído estável, especialmente em redes públicas como\nBitcoin e Ethereum.\nModelo\nde\nQualidade\nISO/IEC 25010",
    "equation": "Tdelivery = Treceive −Tgenerate,\nonde Tgenerate é o instante de geração (mineração) do\nbloco e Treceive o instante em que ele é recebido e validado\npelos nós da rede.\nA média sobre múltiplos blocos fornece o tempo médio\nde entrega de bloco: T delivery =\n1\nN\nPN\ni=1(Treceive,i −\nTgenerate,i).\nMétricas\nAssociadas\nTempo de confirmação; Latência de rede; Taxa de bifurcação; Tamanho do bloco; Throughput; Atraso de\npropagação\nAtributo\nRelacionado\nDesempenho de rede; Consistência de ledger; Escalabilidade; Tempo de consenso",
    "protocol": "1) Definir um conjunto de nós de referência na rede\nblockchain.\n2) Medir o instante em que o bloco é minerado (Tgenerate).\n3) Registrar o tempo em que o bloco é recebido e validado\npor cada nó (Treceive).\n4) Calcular Tdelivery para cada nó e a média geral T delivery.\n5) Repetir medições sob diferentes tamanhos de bloco,\nlatências de rede e incentivos de mineração.\n104",
    "comment": "A Entrega de Bloco reflete diretamente o desempenho\nda infraestrutura de comunicação entre os nós da blockchain. O artigo demonstra que incentivos de mineração\ninfluenciam a velocidade de propagação dos blocos, pois\nmineradores podem ajustar o tamanho e a frequência\ndos blocos em função da recompensa esperada. Uma propagação lenta aumenta o risco de forks, enquanto uma\nentrega eficiente melhora a segurança e o throughput da\nrede.\nInterpretação\ndo\nValor Medido\nValores baixos (em segundos) indicam boa conectividade e sincronização rápida entre os nós. Valores altos\nsugerem gargalos de rede, blocos muito grandes ou nós\nmal conectados, elevando a probabilidade de bifurcações\ne atrasos na confirmação de transações.",
    "unit": "Segundos (s)",
    "scale_type": "Razão",
    "precision": "Depende da precisão de relógio entre os nós e da latência\ndo canal de comunicação. A sincronização via NTP e\nlogs de tempo em rede reduzem erros de medição.",
    "data_collection": "Automática (via logs de nós mineradores e rastreamento\nde blocos propagados)",
    "measurement_tool": "Exploradores de rede (Blockchain.info, Blockchair); ferramentas de monitoramento de propagação (Bitcoin Mo-\nnitor, Bitnodes); scripts de rastreamento de blocos via\nRPC (getblock, getblockhash).",
    "use_processes": "Avaliação de desempenho da rede blockchain; calibração\nde tamanho de bloco; análise do impacto de incentivos\nde mineração; otimização de protocolos de propagação\n(Compact Blocks, Relay Network).",
    "beneficiaries": "Engenheiros de rede blockchain; pesquisadores de consenso; operadores de nós; analistas de desempenho e\nsegurança de blockchain.",
    "references": "Fujimura, S.; Watanabe, K. Effect of Miner Incentive on the\nConfirmation Time of Bitcoin Transactions. IEEE Access, 2020. —\nO estudo analisa a relação entre incentivos de mineração, tamanho\nde bloco e tempo de entrega, demonstrando como a propagação de\nblocos impacta a latência e a taxa de bifurcação na rede Bitcoin.\n105"
  },
  "source": {
    "pdf": "catalogo_de_metricas.pdf",
    "table": "Tabela 38"
  }
}