{
  "id": "t4",
  "table_no": 4,
  "name": "Atraso",
  "iso25010": {
    "characteristic": "Eficiência de Desempenho",
    "subcharacteristic": "Comportamento Temporal"
  },
  "fields": {
    "equation": "Delay = Trecebimento −Tenvio.\nExemplos específicos: (a) Block propagation\n= Tprimeiro_nó_confirma −Tanúncio/bloco; (b) TX propagation\n= Tnó_destino −Tbroadcast; (c) V2X e2e\n= Tapp_sink −Tapp_source.\nMétricas\nAssociadas\nLatência de confirmação; Throughput; Jitter; Fork rate;\nSucesso de transmissão; Consumo de energia (IoT).\nAtributo\nRelacionado\nConfiabilidade de confirmação; Estabilidade de\ntopologia P2P; Eficiência de protocolo de propagação\n(CBR/relay).\n10",
    "protocol": "1. Delimitar evento e ponto de medição: definir o\nque é “envio” (ex.: INV/headers/cmpctblock) e\n“recebimento” (TX/bloco válido disponível ao nó).\n2. Instrumentar timestamps: coletar\nTenvio/Trecebimento em múltiplos nós (relógios\nsincronizados).\n3. Executar cenários: variar topologia P2P (grau,\nvizinhos), largura de banda, políticas (ex.: Compact\nBlock Relay), tamanho de bloco, intervalo de bloco,\nalgoritmos (PoW, PBFT/IBFT), e mobilidade/carga\n(V2X/IoT).\n4. Calcular distribuição (p50/p90/p95/p99) e\ncorrelacionar com fork rate e sucesso de transmissão.\n5. Documentar condições: RTT médio, banda,\nnúmero de nós, algoritmo de consenso, mecanismos de\nrelay e camadas sem fio (se aplicável).",
    "comment": "Melhorias de protocolo (ex.: Compact Block Relay) e\nevolução da Internet reduziram drasticamente o delay\nde propagação de blocos (medianas/percentis),\nimpactando positivamente a taxa de forks. Em P2P,\notimização de vizinhança/topologia também reduz delay\ne forks. Em DAG/IoT, o confirmation delay depende\nfortemente da taxa de chegada de transações (carga).\nEm V2X, delay é métrica-chave junto de throughput e\njitter. Em redes PBFT sem fio (802.11), há limiares\nmínimos de sucesso de transmissão para manter atraso\nfim-a-fim dentro do exigido pelo protocolo.",
    "interpretation": "Menor é melhor. Observar percentis altos (p95/p99) e a\nrelação delay–fork; avaliar estabilidade sob carga e\nmobilidade (V2X).",
    "unit": "Milissegundos (ms) ou segundos (s).",
    "scale_type": "Absoluta",
    "precision": "Depende da sincronização de relógios (NTP/PTP) e do\nponto exato de coleta (camada de rede vs. aplicação).\nEm sem fio, interferências e CSMA/CA afetam medição.",
    "data_collection": "Automática\nFerramenta de\nMedição\nMonitores P2P e sniffers (medição de\nINV/headers/cmpctblock), simuladores como\nSimBlock/ns-3 (incl. ITS/V2X), instrumentação no\ncliente/nós validadores, logs de RPC; avaliação de\nprotocolos (CBR/relay).\n11",
    "use_processes": "Engenharia de desempenho; SRE/Observabilidade;\nPlanejamento de capacidade e topologia P2P; Estudos\nde mobilidade (V2X/ITS); Validação de parâmetros de\nconsenso.\nBeneficiários\nPotenciais\nEngenheiros(as) de software/plataforma; SRE/DevOps;\nPesquisadores(as) de redes/consenso; Gestores(as) de\nproduto/SLA.",
    "references": "Fechner et al. (2022), Calibrating the Performance and\nSecurity of Blockchains via Information Propagation\nDelays — estudo empírico de propagação em\nBitcoin/Litecoin/etc.\nLi et al. (2020), DAG-Based Ledger for IoT:\nPerformance and Security Analysis — modelagem do\nconfirmation delay no Tangle sob diferentes cargas.\nChavhan et al. (2023), Edge-Enabled Blockchain-Based\nV2X Scheme — avaliação de delay e jitter em ITS.\nNagayama et al. (2020), Identifying Impacts of Protocol\nand Internet Development on the Bitcoin Network —\nCBR vs. Internet: redução de delay e de forks.\nZhou et al. (2021), Performance Analysis of Wireless\nPBFT Using IEEE 802.11 — sucesso de transmissão,\ndelay e throughput em PBFT sem fio.\nJiang & Wu (2021), Taming Propagation Delay and\nFork Rate in Bitcoin Mining Network — otimização de\ntopologia para reduzir delay/forks.\nAlshihri & Park (2023), Decentralized Lightweight\nBlockchain Nodes Architecture (OpenFlow) —\nabordagem de controle de conexões (implicações de\ndesempenho/propagação).\nEyal et al. (2016), Bitcoin-NG: A Scalable Blockchain\nProtocol — latência limitada pelo delay de propagação;\nmétricas de eficiência/segurança.\nPrasad & Rekha (2023), Blockchain-based IAS Protocol\nin Cloud — usa End-to-End Delay como métrica de\ndesempenho.\nTian et al. (2022), Blockchain-based AMI Framework —\nrequisitos de comunicação segura em redes críticas\n(contexto de desempenho).\n12"
  },
  "source": {
    "pdf": "catalogo_de_metricas.pdf",
    "table": "Tabela 4"
  }
}