{
  "id": "t59",
  "table_no": 59,
  "name": "Nível de Descentralização",
  "iso25010": {
    "characteristic": "Segurança",
    "subcharacteristic": "Integridade"
  },
  "fields": {
    "definition": "Mede o grau em que o controle, a validação e a\nmanutenção da blockchain são distribuídos entre múltiplos participantes independentes, sem\ndependência de uma autoridade central.\nO nível de\ndescentralização avalia a dispersão de poder entre mineradores, validadores e nós, refletindo a resistência do\nsistema contra censura, manipulação e colusão.",
    "objective": "Quantificar a independência e a resiliência da rede\nblockchain. Um sistema mais descentralizado reduz a\nprobabilidade de ataques de controle (ex.: 51%) e aumenta a transparência. No contexto de leilões eletrônicos\ncom contratos inteligentes e provas de conhecimento zero,\na descentralização garante que nenhuma entidade isolada\npossa manipular resultados ou interceptar informações\nsensíveis.\nModelo\nde\nQualidade\nISO/IEC 25010",
    "equation": "D = 1 −\nn\nX\ni=1\n(pi)2,\nonde pi é a proporção de poder de consenso (ou recursos\nde mineração/validação) detida pelo participante i.\nValores próximos de 1 indicam alta descentralização;\nvalores próximos de 0 indicam forte centralização.\nMétricas\nAssociadas\nNúmero de nós ativos; Distribuição de poder de hash;\nDiversidade de validadores; Tempo médio entre blocos;\nProbabilidade de ponto único de falha\nAtributo\nRelacionado\nSegurança do consenso; Equidade; Escalabilidade; Governança distribuída",
    "protocol": "1) Identificar todos os participantes que contribuem para\no consenso (mineradores, validadores, nós).\n2) Determinar a proporção pi de poder computacional,\nstake ou autoridade de cada participante.\n3) Calcular D = 1 −P(pi)2.\n4) Comparar o valor obtido com limiares de referência\n(ex.: D > 0.8 indica alta descentralização).\n149",
    "comment": "O artigo destaca que a descentralização é essencial para\ngarantir a imparcialidade e a segurança em sistemas de\nleilão eletrônico baseados em blockchain. Em tais ambientes, cada nó participante desempenha papel autônomo\nna verificação das transações e execução dos contratos\ninteligentes. A centralização excessiva comprometeria a\ntransparência do processo e poderia violar o anonimato\ngarantido pelas provas de conhecimento zero.\nInterpretação\ndo\nValor Medido\nValores altos (próximos de 1) indicam ampla distribuição de poder e segurança contra manipulações. Valores\nbaixos (próximos de 0) sugerem concentração de poder\ne risco de colusão.",
    "unit": "Razão adimensional (0–1)",
    "scale_type": "Razão",
    "precision": "Depende da disponibilidade de dados sobre a distribuição\nreal de poder entre participantes. Medidas baseadas\napenas em número de nós podem mascarar desigualdades\nsignificativas.",
    "data_collection": "Semiautomática (análise de blocos e registros de consenso)",
    "measurement_tool": "Exploradores de blocos (Etherscan, BTC.com); APIs de\nmineração e staking; scripts de análise de distribuição\nde nós; métricas de consenso em clientes blockchain.",
    "use_processes": "Avaliação de resiliência da rede; análise de segurança de\nprotocolos de consenso; auditorias de equidade; estudo\nde governança descentralizada.",
    "beneficiaries": "Pesquisadores de segurança; engenheiros de blockchain;\noperadores de rede; arquitetos de sistemas descentralizados; auditores independentes.",
    "references": "Zhu, H.; Wei, W.; Zhou, Z.; et al. A Blockchain-Based SealedBid e-Auction Scheme with Smart Contract and Zero-Knowledge\nProof. IEEE Transactions on Information Forensics and Security,\n2023. — O estudo propõe um esquema de leilão eletrônico com\nexecução distribuída e provas de conhecimento zero, ressaltando a\ndescentralização como fator essencial para prevenir manipulação e\ngarantir a integridade do processo.\n150"
  },
  "source": {
    "pdf": "catalogo_de_metricas.pdf",
    "table": "Tabela 59"
  }
}