{
  "id": "t60",
  "table_no": 60,
  "name": "Custo de Implantação",
  "iso25010": {
    "characteristic": "Eficiência de Desempenho",
    "subcharacteristic": "Utilização de Recursos"
  },
  "fields": {
    "definition": "Mede o custo total em gás ou tokens necessário\npara implantar contratos inteligentes e inicializar\no sistema blockchain em uma rede específica. Reflete\no investimento computacional e financeiro associado ao\nprocesso de registro do contrato na blockchain, incluindo\ntaxas de transação e consumo de recursos de execução.",
    "objective": "Quantificar o custo inicial de implantação do sistema\nproposto e avaliar sua viabilidade econômica em ambientes públicos, privados ou híbridos. Essa métrica per-\nmite comparar soluções blockchain quanto à eficiência do\nuso de gás e à escalabilidade financeira de implantações\nem larga escala.\nModelo\nde\nQualidade\nISO/IEC 25010",
    "equation": "DC = GasUsed × GasPrice\nonde GasUsed representa o total de gás consumido na\nimplantação e GasPrice é o preço médio pago por unidade\nde gás no momento da operação.\nMétricas\nAssociadas\nTransaction Cost; Execution Cost; Gas Usage; Throughput\nAtributo\nRelacionado\nCusto de Operação; Eficiência Computacional; Escalabilidade Econômica",
    "protocol": "1) Preparar o contrato inteligente (ex.: MRBSChain) no\nambiente de teste (Remix IDE / Hardhat).\n2) Implantar o contrato na Binance Smart Chain (BSC)\ne registrar o consumo de gás reportado pela EVM.\n3) Converter o custo total de gás para BNB e, opcionalmente, para moeda fiduciária.\n4) Repetir o processo sob diferentes condições de rede\n(Mainnet, Testnet).\n5) Calcular a média e o desvio padrão dos custos de\nimplantação.\n151",
    "comment": "No estudo, a implantação do contrato principal do\nMRBSChain apresentou custo médio de aproximadamente 0.0143 BNB na Binance Smart Chain Testnet,\ndemonstrando viabilidade para aplicações médicas distribuídas. O custo é diretamente influenciado pela com-\nplexidade do contrato e pelo tamanho do bytecode armazenado. Contratos otimizados em Solidity reduzem\nsignificativamente o consumo de gás.\nInterpretação\ndo\nValor Medido\nValores menores indicam contratos mais leves e eficientes, favorecendo implantações em larga escala; valores\naltos sugerem ineficiência ou necessidade de otimização\nno código do contrato inteligente.",
    "unit": "Gas (unidade); BNB; USD (após conversão)",
    "scale_type": "Razão",
    "precision": "Depende da estabilidade da rede, do preço médio do gás e\nda ferramenta utilizada para implantação. Recomenda-se\nexecução múltipla para reduzir variação.",
    "data_collection": "Automática (via EVM / explorador de blocos)",
    "measurement_tool": "Remix IDE; Hardhat; BSCScan; Metamask; Web3.js;\nBinance Smart Chain Testnet.",
    "use_processes": "Análise de viabilidade financeira de contratos inteligentes; comparação de custo de implantação entre redes;\notimização de bytecode para redução de consumo de gás.",
    "beneficiaries": "Engenheiros(as) de blockchain; Desenvolvedores(as) de\nsmart contracts; Gestores(as) de custo e operação em\nblockchain; Pesquisadores(as) em escalabilidade.\nReferência\nA. I. Khan, N. Raza, M. N. Ahmed et al. MRBSChain: A Novel\nScalable Medical Records Binance Smart Chain Framework Enabling a Paradigm Shift in Medical Records Management. Scientific\nReports, vol. 12, 2022.\n152"
  },
  "source": {
    "pdf": "catalogo_de_metricas.pdf",
    "table": "Tabela 60"
  }
}