{
  "id": "t6",
  "table_no": 6,
  "name": "Consumo de Energia",
  "iso25010": {
    "characteristic": "Eficiência de Desempenho",
    "subcharacteristic": "Utilização de Recursos"
  },
  "fields": {
    "equation": "E =\nZ t1\nt0\nP(t) dt\n≈\nn\nX\ni=1\nP(ti) ∆t.\nEm medição discreta periódica (ex.: a cada 15 s), E\nresulta da soma das amostras de potência sobre o\nperíodo.\nMétricas\nAssociadas\nPotência média/instantânea; Latência de leitura;\nThroughput de medições; Custo de transação (se\non-chain); Taxa de agregação de medições; Taxa de\nperdas/irregularidades.\nAtributo\nRelacionado\nEficiência energética; Escalabilidade de\narmazenamento/telemetria; Confiabilidade/validação de\nleituras (anti-fraude).\n16",
    "protocol": "1. Definir o período de observação [ t0, t1 ] e a\ngranularidade de amostragem (ex.: 15 s).\n2. Instrumentar o ponto de medição (medidor\ninteligente/dispositivo) com carimbo temporal\nsincronizado (NTP/PTP).\n3. Coletar potência ou energia incremental por\namostra; agregar leituras quando apropriado para\nreduzir overhead de armazenamento/transação.\n4. Persistir/ancorar as leituras: off-chain (BD/IPFS)\ncom hash on-chain, ou direto on-chain, conforme\ncusto/privacidade.\n5. Calcular E no intervalo e reportar estatísticas\n(média, p95/p99) por dispositivo/carga, além de\ncondições (com/sem BLE, assinatura, rede).\n6. Correlacionar consumo com custos/DRM e eventos\noperacionais.",
    "comment": "Em dispositivos IoT avaliados com janela de 30 s a 3.3\nV, BLE elevou o consumo médio e a energia em\n∼34–38%; já “habilitar blockchain”\n(assinatura/integração) acrescentou impacto marginal\nem relação ao BLE. Em redes de medição, agregação de\nleituras reduz drasticamente espaço/custo (até 86%),\nmantendo cadência adequada para análise operacional.",
    "interpretation": "Menor consumo indica maior eficiência energética para a\nmesma função/serviço. Avaliar percentis altos (p95/p99)\ne consumo específico por operação (ex.: leitura,\nassinatura, transmissão) para priorizar otimizações.",
    "unit": "Joule (J), Watt-hora (Wh/kWh), ou miliWatt-hora\n(mWh) para janelas curtas; opcionalmente mA·h sob\ntensão conhecida.",
    "scale_type": "Absoluta",
    "precision": "Depende da resolução do sensor e da sincronização\ntemporal; ruídos de comunicação/ambiente e variação\nde carga podem introduzir erro. Em setups com\nvalidação em blockchain, garantir ponto exato da\nmedição e integridade dos registros.",
    "data_collection": "Automática\nFerramenta de\nMedição\nMedidores inteligentes e power analyzers (ex.: Otii);\nmicrocontroladores/IoT com instrumentação;\nnós/contratos Ethereum (Geth/PoA) para\nregistro/validação; repositórios off-chain (BD/IPFS)\ncom ancoragem on-chain.\n17",
    "use_processes": "DRM (redução de pico e incentivos); auditoria e\nconformidade energética; otimização de\ndispositivos/protocolos (BLE, assinatura, envio);\nprevisão de demanda/consumo (EVs) com modelos\nanalíticos.\nBeneficiários\nPotenciais\nEngenheiros(as) de IoT/embarcados; Operadores(as) de\nrede/energia; SRE/DevOps; Gestores(as) de\nproduto/FinOps/Energia.",
    "references": "(1) Kumari & Tanwar, A Data Analytics Scheme for Security-aware\nDRM in Smart Grid — perfis/gestão de consumo com blockchain\n+ IPFS; fluxo de trabalho e objetivo de reduzir pico e custo.\n(2) Bokhari & Bakhshi, Exploring Blockchain-Secured Data Validation in Smart Meter Readings — arquitetura PoA/Geth e validação\nsegura de consumo; cenário de combate a irregularidades.\n(3) Gómez et al., Integrating IoT and Blockchain for Mining Inspection Systems — metodologia de medição, mWh em 30 s, com-\nparação Baseline/BLE/Blockchain.\n(4) Hegedus et al., Secure Data Exchange Between IoT Endpoints\nfor Energy Balancing — leituras a cada 15 s; agregação reduz\nespaço/custo; requisitos de computação.\n(5) Khan et al., Blockchain & MLR-based Energy Trading Scheme\nfor EVs — previsão de consumo/ demanda com MLR para otimização de suprimento.\n18"
  },
  "source": {
    "pdf": "catalogo_de_metricas.pdf",
    "table": "Tabela 6"
  }
}