{
  "id": "t80",
  "table_no": 80,
  "name": "Número de Blocos Inválidos",
  "iso25010": {
    "characteristic": "Confiabilidade",
    "subcharacteristic": "Integridade"
  },
  "fields": {
    "definition": "Mede a quantidade total de blocos minerados que\nnão foram aceitos pela cadeia principal da blockchain, por terem sido substituídos ou descartados du-\nrante a propagação ou em decorrência de estratégias\ndesonestas como o selfish mining. Esses blocos são considerados inválidos do ponto de vista do consenso, ainda\nque possam ser tecnicamente válidos quanto à estrutura.",
    "objective": "Quantificar o impacto de comportamentos desonestos e\nda imperfeição da rede (atrasos de propagação, forks) na\neficiência da mineração e na segurança do consenso. O\nnúmero de blocos inválidos fornece um indicador da taxa\nde desperdício de recursos e da vulnerabilidade da rede\na ataques estratégicos.\nModelo\nde\nQualidade\nISO/IEC 25010",
    "equation": "Seja Binv o número de blocos inválidos observados em\num intervalo [t0, t1] e Btot o total de blocos minerados\n(válidos + inválidos). A métrica pode ser expressa como:\nTaxa de blocos inválidos = Binv\nBtot\n.\nO número absoluto de blocos inválidos é dado por Binv,\nenquanto a proporção fornece uma visão relativa da perda\nde eficiência da rede.\nMétricas\nAssociadas\nTaxa de Forks; Taxa de Propagação; Tempo de Propagação de Bloco; Taxa de Mineração Honesta; Eficiência de\nMineração\nAtributo\nRelacionado\nSelfish Mining Rate; Block Orphan Rate; Block Propagation Delay; Consistência de Cadeia",
    "protocol": "1) Monitorar os blocos minerados durante uma janela de\ntempo [t0, t1].\n2) Identificar blocos não incluídos na cadeia principal\n(forks, órfãos, substituídos).\n3) Contabilizar o número total desses blocos como Binv.\n4) Calcular a taxa de blocos inválidos em relação ao total\nde blocos minerados Btot.\n5) Repetir o cálculo sob diferentes condições de atraso\nde rede e estratégias de mineração (honesta e desonesta).\n193",
    "comment": "O Número de Blocos Inválidos aumenta em redes com\nmaior latência ou sob estratégias de mineração egoísta,\npois blocos privados publicados tardiamente causam forks\ne desperdício de esforço computacional. Em simulações\ncom atrasos na propagação, a diferença entre a visão dos\nmineradores honestos e dos egoístas acentua a discrepância entre blocos aceitos e inválidos, afetando o rendimento\ne a segurança. Valores altos indicam ineficiência e risco\nde centralização.\nInterpretação\ndo\nValor Medido\nValores baixos (próximos de 0) indicam boa sincronização da rede e comportamento majoritariamente honesto.\nValores altos indicam alta taxa de conflitos e risco de\nmanipulação da cadeia, comprometendo a confiança no\nconsenso.",
    "unit": "Contagem absoluta (número de blocos) ou proporção (0–1)",
    "scale_type": "Razão",
    "precision": "Depende da observação completa da rede (inclusão de\nblocos órfãos) e da sincronização entre nós monitorados.\nAtrasos ou perda de blocos durante a coleta podem afetar\na precisão.",
    "data_collection": "Automática (monitoramento de rede e registros de blocos)",
    "measurement_tool": "Clientes de nó (bitcoind, geth); simuladores de consenso;\nregistros de forks e órfãos; exploradores de blockchain\ncom dados de bloco não aceitos.",
    "use_processes": "Avaliação da robustez do consenso; análise de impacto de\nlatência de rede; detecção de comportamentos desonestos;\ncalibração de parâmetros de propagação e tempo de\nbloco.",
    "beneficiaries": "Pesquisadores de segurança blockchain; engenheiros de\nrede; desenvolvedores de protocolos de consenso; analistas de desempenho e confiabilidade.",
    "references": "Bag, S.; Ruj, S.; Sakurai, K. Assessing Blockchain Selfish Mining\nin an Imperfect Network: Honest and Selfish Miner Views. IEEE\nAccess, 2020. — Define e analisa a métrica Invalid Block Number como indicador da taxa de blocos desperdiçados sob diferentes\nestratégias de mineração e atrasos de rede, evidenciando o impacto\nda latência na eficiência e na segurança da blockchain.\n194"
  },
  "source": {
    "pdf": "catalogo_de_metricas.pdf",
    "table": "Tabela 80"
  }
}