{
  "id": "t81",
  "table_no": 81,
  "name": "Liquidez Limitada",
  "iso25010": {
    "characteristic": "Portabilidade",
    "subcharacteristic": "Adaptabilidade"
  },
  "fields": {
    "definition": "Mede o grau de restrição na movimentação e conversão de ativos digitais em uma rede blockchain,\ncausado por centralização de mercados, baixa profundidade de liquidez, ou dependência de intermediários\n(exchanges, bridges). Representa a dificuldade de realizar\ntransações significativas sem causar impacto relevante no\npreço ou sem depender de infraestruturas centralizadas.",
    "objective": "Avaliar a vulnerabilidade econômica e a eficiência operacional de ecossistemas blockchain que dependem de\npoucos provedores de liquidez. A métrica quantifica o\nrisco de concentração de poder financeiro e o potencial\nde manipulação ou travamento de ativos, especialmente\nem sistemas que visam descentralização plena.\nModelo\nde\nQualidade\nISO/IEC 25010",
    "equation": "A liquidez limitada pode ser expressa pela razão entre o\nvolume negociável efetivo e o volume total demandado\nno mercado:\nLL = 1 −Vneg\nVdem\n,\nonde Vneg é o volume de ativos efetivamente negociável\nsem causar variação de preço superior a um limiar ∆Pmax,\ne Vdem é o volume total demandado. Valores altos de LL\nindicam baixa liquidez e alta centralização.\nMétricas\nAssociadas\nMarket Concentration Index; Volume de Negociação;\nExchange Centralization Ratio; Volatilidade de Preço;\nTaxa de Retirada de Ativos\nAtributo\nRelacionado\nDependência de Intermediários; Estabilidade de Mercado;\nAcessibilidade Econômica; Risco de Congelamento de\nAtivos\n195",
    "protocol": "1) Coletar volumes médios de negociação e ordens de\ncompra/venda nos principais pares de ativos (on-chain e\noff-chain).\n2) Calcular a profundidade de mercado para diferentes\nníveis de tolerância de preço (∆Pmax).\n3) Determinar Vneg (volume possível dentro da tolerância)\ne Vdem (volume total de ordens).\n4) Calcular LL = 1−Vneg/Vdem e repetir periodicamente\npara monitorar variações de liquidez.\n5) Avaliar a dependência de exchanges centralizadas e\nbridges no fornecimento de liquidez.",
    "comment": "A Liquidez Limitada é um indicador de fragilidade estrutural em ecossistemas descentralizados, pois reflete a\ndependência de poucos agentes centralizados para permitir trocas de ativos. O artigo demonstra que, apesar\nda retórica de descentralização, a maioria das transações\nem blockchains públicas ainda depende de intermediários\nconcentrados, o que cria riscos de censura, manipulação\nde preços e bloqueio de fundos.\nInterpretação\ndo\nValor Medido\nValores baixos (próximos de 0) indicam alta liquidez\ne menor risco de centralização; valores altos indicam\nbaixa liquidez, dependência de intermediários e vulnerabilidade econômica da rede.",
    "unit": "Proporção (0–1)",
    "scale_type": "Razão",
    "precision": "Depende da disponibilidade de dados de mercado onchain e off-chain e da granularidade das ordens coletadas.\nExchanges com baixa transparência podem distorcer a\nestimativa.",
    "data_collection": "Híbrida (on-chain e off-chain, via APIs de exchanges e\nDEXs)",
    "measurement_tool": "APIs de exchanges centralizadas (Binance, Coinbase);\nprotocolos DEX (Uniswap, Curve); ferramentas de análise on-chain (Glassnode, Dune Analytics); simuladores\nde liquidez.",
    "use_processes": "Avaliação de riscos de centralização financeira; auditoria\nde resiliência de ecossistemas DeFi; análise de impacto\nde retiradas massivas; planejamento de políticas de governança econômica.",
    "beneficiaries": "Pesquisadores de finanças descentralizadas; analistas de\nrisco; desenvolvedores de protocolos DeFi; formuladores\nde políticas de governança e segurança econômica.\n196",
    "references": "Shah, V.; Saxena, A.; Gervais, A. Bad Apples: Understanding the\nCentralized Security Risks in Decentralized Ecosystems. Proceedings of the IEEE Symposium on Security and Privacy (SP), 2023.\n— Discute o impacto da liquidez limitada e da dependência de\nintermediários centralizados em sistemas DeFi, evidenciando como\na falta de liquidez amplia riscos econômicos e reduz a descentralização efetiva das redes blockchain.\n197"
  },
  "source": {
    "pdf": "catalogo_de_metricas.pdf",
    "table": "Tabela 81"
  }
}