{
  "id": "t83",
  "table_no": 83,
  "name": "Número Máximo de Transações",
  "iso25010": {
    "characteristic": "Eficiência de Desempenho",
    "subcharacteristic": "Capacidade"
  },
  "fields": {
    "definition": "Mede o número máximo de transações que um sistema blockchain consegue processar por segundo\n(tps) sob uma dada configuração de hardware, rede e\nprotocolo de consenso. Indica o limite de desempenho\ntransacional atingível antes da saturação do sistema e\nreflete diretamente a escalabilidade e eficiência da rede\nblockchain.",
    "objective": "Avaliar a capacidade máxima de processamento da blockchain, particularmente em aplicações críticas como Ad-\nvanced Metering Infrastructure (AMI), onde grandes volumes de dados são gerados continuamente. Essa métrica\npermite determinar se a infraestrutura blockchain é capaz\nde lidar com a carga de dados exigida sem comprometer\na segurança ou o tempo de resposta.\nModelo\nde\nQualidade\nISO/IEC 25010",
    "equation": "A capacidade máxima de transações (Tmax) é expressa\ncomo:\nTmax = Ntx\nttotal\n,\nonde Ntx é o número total de transações processadas\ncom sucesso e ttotal é o tempo total de execução do teste\n(em segundos).\nOpcionalmente, pode-se expressar o desempenho relativo\nà carga como:\nE = Tmax\nTteor\n× 100%,\nonde Tteor é o throughput teórico máximo definido pela\narquitetura.\nMétricas\nAssociadas\nThroughput médio; Latência média; Tempo de confirmação de bloco; Eficiência do consenso; Taxa de sucesso de\ntransação\nAtributo\nRelacionado\nEscalabilidade da rede; Capacidade de processamento;\nUtilização de recursos; Taxa de bloqueio de transações\n200",
    "protocol": "1) Configurar o ambiente blockchain (número de nós,\nconsenso, hardware, rede).\n2) Enviar um número crescente de transações (Ntx) até\natingir o ponto de saturação.\n3) Registrar o tempo total de processamento (ttotal) e\ncalcular Tmax.\n4) Repetir os testes com diferentes tipos de operações\n(abertura, consulta e transferência) e anotar o throughput\nmáximo obtido.\n5) Comparar Tmax com o throughput teórico do protocolo\nutilizado (ex.: Hyperledger Fabric, Ethereum, etc.).",
    "comment": "A Transações Máximas é um indicador essencial de desempenho. No estudo analisado, a implementação ba-\nseada em Hyperledger Fabric atingiu um máximo de\naproximadamente 75 transações por segundo (tps), enquanto o limite teórico é cerca de 3000 tps. O resultado\nmostra que, embora a arquitetura AMI baseada em blockchain atenda aos requisitos operacionais de rede elétrica,\na sobrecarga do consenso e da comunicação entre nós\nainda limita o desempenho máximo alcançável.\nInterpretação\ndo\nValor Medido\nValores altos de Tmax indicam alta capacidade de processamento e boa escalabilidade da rede. Valores baixos\nindicam gargalos no consenso, na rede ou na capacidade\nde hardware, comprometendo a viabilidade de uso em\nsistemas de alta demanda como AMI.",
    "unit": "Transações por segundo (tps)",
    "scale_type": "Razão",
    "precision": "Depende da configuração experimental (hardware, rede,\nnúmero de nós e tipo de consenso). Deve ser obtida sob\ncondições controladas de carga crescente até a saturação\ndo sistema.",
    "data_collection": "Experimental / Benchmark",
    "measurement_tool": "Hyperledger Caliper; simuladores de carga (Locust, JMeter); monitores de transação blockchain; logs de consenso\n(PBFT, Raft, PoW).",
    "use_processes": "Planejamento de capacidade e escalabilidade; otimização\nde redes blockchain; avaliação de desempenho de sistemas\nAMI; comparação entre implementações de consenso.",
    "beneficiaries": "Engenheiros de desempenho; pesquisadores em blockchain aplicada a energia; desenvolvedores de redes per-\nmissionadas; arquitetos de sistemas distribuídos.\n201",
    "references": "Tian, H.; Jian, Y.; Ge, X. Blockchain-based AMI framework for\ndata security and privacy protection. Sustainable Energy, Grids\nand Networks, v.32, 2022. — Define e avalia a métrica Maximum\nTransaction em ambiente Hyperledger Fabric, demonstrando\na capacidade máxima de processamento ( 75 tps) sob carga de\n1000 transações e confirmando a adequação da blockchain para\naplicações em AMI.\n202"
  },
  "source": {
    "pdf": "catalogo_de_metricas.pdf",
    "table": "Tabela 83"
  }
}