{
  "id": "t87",
  "table_no": 87,
  "name": "Utilização do Poder de Mineração",
  "iso25010": {
    "characteristic": "Eficiência de Desempenho",
    "subcharacteristic": "Utilização de Recursos"
  },
  "fields": {
    "definition": "Mede a proporção do poder computacional de mineração efetivamente utilizado para produzir blo-\ncos válidos na cadeia principal, em relação ao total\nde poder de hash disponível na rede. Essa métrica reflete\na eficiência do protocolo de consenso em converter esforço\ncomputacional em progresso útil da blockchain, evitando\ndesperdício de energia em blocos órfãos ou inválidos.",
    "objective": "Avaliar o quanto do poder total de mineração é convertido\nem blocos aceitos, indicando a eficiência e robustez do\nprotocolo de consenso. Protocolos com alta utilização\nreduzem desperdício energético e melhoram o throughput,\nenquanto valores baixos sugerem ineficiência, alta taxa\nde forks ou atrasos de propagação.\nModelo\nde\nQualidade\nISO/IEC 25010",
    "equation": "Seja Bmain o número de blocos incluídos na cadeia principal e Btotal o total de blocos minerados (válidos + órfãos).\nA Utilização do Poder de Mineração (MPU) é definida como:\nMPU = Bmain\nBtotal\n.\nValores próximos a 1 indicam uso eficiente do poder\nde mineração; valores baixos refletem perdas de esforço\ncomputacional.\nMétricas\nAssociadas\nTaxa de Forks; Latência de Propagação; Throughput;\nEficiência Energética; Blocos Inválidos\nAtributo\nRelacionado\nTaxa de Produção de Blocos; Tempo de Confirmação;\nConsistência da Cadeia; Desperdício de Hash Power",
    "protocol": "1) Monitorar o total de blocos minerados (Btotal) durante\num intervalo [t0, t1].\n2) Identificar os blocos efetivamente aceitos na cadeia\nprincipal (Bmain).\n3) Calcular MPU = Bmain/Btotal.\n4) Repetir sob diferentes configurações de intervalo de\nbloco e atraso de propagação.\n5) Comparar a eficiência entre o protocolo de referência\n(ex.: Bitcoin) e o protocolo proposto (ex.: Bitcoin-NG).\n210",
    "comment": "A Utilização do Poder de Mineração é um indicador\nessencial da eficiência de protocolos de consenso baseados\nem proof-of-work. No estudo do Bitcoin-NG, observou-se\nque o protocolo proposto alcança maior utilização de\npoder de mineração em relação ao Bitcoin tradicional,\npois reduz o tempo ocioso entre blocos e minimiza perdas\ncausadas por forks. Isso implica melhor aproveitamento\nde energia e aumento de throughput.\nInterpretação\ndo\nValor Medido\nValores altos (próximos de 1) indicam que a maioria do\npoder computacional é efetivamente usada para expandir\na cadeia principal, caracterizando alta eficiência. Valores baixos indicam perda de esforço em blocos órfãos,\nfalhas de sincronização ou ineficiência no consenso.",
    "unit": "Proporção (0–1)",
    "scale_type": "Razão",
    "precision": "Depende da observação completa de blocos propagados\nna rede e da distinção correta entre blocos principais e\nórfãos. Monitoramentos incompletos podem subestimar\nBtotal.",
    "data_collection": "Experimental / Monitoramento de rede",
    "measurement_tool": "Simuladores de blockchain (NS3, SimBlock); nós instrumentados de Bitcoin; scripts de análise de forks; explora-\ndores de blocos com rastreamento de blocos órfãos.",
    "use_processes": "Avaliação de novos protocolos de consenso (ex.: BitcoinNG, GHOST, Prism); estudo de eficiência energética;\ncalibração de parâmetros de tempo de bloco e latência\nde rede.",
    "beneficiaries": "Pesquisadores em escalabilidade de blockchain; engenheiros de rede e mineração; desenvolvedores de protocolos\nde consenso; analistas de eficiência energética.",
    "references": "Eyal, I.; Gencer, A. E.; Sirer, E. G.; Van Renesse, R. Bitcoin-NG:\nA Scalable Blockchain Protocol. USENIX NSDI, 2016. — Define\na métrica Mining Power Utilization como a fração do poder\ncomputacional efetivamente usado para minerar blocos na cadeia\nprincipal, avaliando sua eficiência em comparação ao protocolo\nBitcoin original.\n211"
  },
  "source": {
    "pdf": "catalogo_de_metricas.pdf",
    "table": "Tabela 87"
  }
}