{
  "id": "t89",
  "table_no": 89,
  "name": "Parâmetros Mutáveis",
  "iso25010": {
    "characteristic": "Segurança",
    "subcharacteristic": "Integridade"
  },
  "fields": {
    "definition": "Mede se parâmetros críticos de um contrato inteligente podem ser modificados após o seu deploy,\ncomo taxas de transferência, limites máximos de transação, alocações de tokens ou outras variáveis de controle\nfinanceiro. A presença de funções que permitem modificar esses parâmetros representa risco à integridade e à\nprevisibilidade do contrato, podendo ser explorada por\ndesenvolvedores ou administradores centralizados.",
    "objective": "Avaliar a estabilidade e a confiança de contratos inteligentes quanto à imutabilidade de parâmetros operacionais\ne econômicos. Essa métrica é essencial para identificar\nriscos de manipulação em tokens e dApps, garantindo\nque as regras contratuais permaneçam constantes e auditáveis após a implantação.\nModelo\nde\nQualidade\nISO/IEC 25010",
    "equation": "A Mutabilidade de Parâmetros (MP) é definida de\nforma binária:\nMP =\n\n\n\n1,\nse funções permitem alterar parâmetros críticos após o deplo\n0,\ncaso contrário.\nUm valor 1 indica vulnerabilidade e risco à integridade\ncontratual; 0 indica segurança e previsibilidade.\nMétricas\nAssociadas\nMutabilidade de Metadados; Centralization Risk Index;\nContract Updatability; Token Governance Control; Ownership Dependency\nAtributo\nRelacionado\nControle Administrativo; Integridade de Contrato; Risco\nde Centralização; Confiabilidade do Token\n215",
    "protocol": "1) Realizar análise estática do código-fonte do contrato\ninteligente.\n2) Identificar variáveis de parâmetros financeiros ou\noperacionais (taxRate, maxTxAmount, transferLimit,\netc.).\n3) Verificar se funções controladas pelo proprietário ou\nadministrador permitem alterar esses valores após o deploy.\n4) Registrar MP = 1 caso alguma variável crítica seja\nmutável; caso contrário, MP = 0.\n5) Repetir o procedimento para diferentes contratos, classificando o nível de risco associado.",
    "comment": "A Mutabilidade de Parâmetros é um indicador de centralização e risco de manipulação em contratos inteligentes.\nO estudo “Bad Apples” identificou que diversos tokens\nERC-20 e ERC-721 possuem funções administrativas que\npermitem alterar parâmetros críticos, comprometendo\na confiança do usuário e a transparência do protocolo.\nEssa prática viola o princípio de imutabilidade da blockchain e aumenta o risco de abuso ou alteração de regras\npós-implantação.\nInterpretação\ndo\nValor Medido\nValor 0 indica contrato seguro e previsível, com parâmetros fixos após implantação. Valor 1 indica vulnerabili-\ndade — o contrato permite que parâmetros fundamentais\nsejam alterados manualmente, criando risco de manipulação e centralização.",
    "unit": "Valor binário (0 ou 1)",
    "scale_type": "Nominal",
    "precision": "Alta, pois deriva de análise estática do código-fonte.\nPode variar conforme a abrangência da ferramenta utilizada na identificação de funções administrativas.",
    "data_collection": "Automática (análise estática de código)",
    "measurement_tool": "Naga (ferramenta de análise de centralização); Slither;\nMythril; detectores de vulnerabilidade de contratos inteligentes.",
    "use_processes": "Auditoria de contratos inteligentes; certificação de tokens;\nanálise de segurança de dApps; verificação de conformidade de governança; identificação de riscos de centraliza-\nção.",
    "beneficiaries": "Auditores de segurança blockchain; desenvolvedores de\ncontratos inteligentes; analistas de risco; pesquisadores\nem descentralização e governança on-chain.\n216",
    "references": "Yan, K.; Zhang, J.; Liu, X.; Diao, W.; Guo, S. Bad Apples: Understanding the Centralized Security Risks in Decentralized Ecosystems.\nProceedings of the ACM Web Conference (WWW), 2023. — Define\na métrica Mutable Parameters como indicador de vulnerabilidade em contratos inteligentes que permitem a modificação de\nparâmetros críticos após o deploy, representando risco de centralização e manipulação de regras econômicas.\n217"
  },
  "source": {
    "pdf": "catalogo_de_metricas.pdf",
    "table": "Tabela 89"
  }
}