{
  "id": "t93",
  "table_no": 93,
  "name": "Conectividade dos Nós",
  "iso25010": {
    "characteristic": "Confiabilidade",
    "subcharacteristic": "Disponibilidade"
  },
  "fields": {
    "definition": "Mede o grau de interconexão entre os nós da rede\nblockchain, refletindo a eficiência da propagação de\ntransações e blocos e a resiliência da rede a falhas de comunicação. Uma maior conectividade reduz a ocorrência\nde bifurcações (forks) e melhora a sincronização entre os\nnós mineradores.",
    "objective": "Avaliar o impacto da topologia da rede e do número de\nconexões entre pares (peers) na estabilidade e desempenho da blockchain. A métrica permite estimar como a\nconectividade influencia o tempo de confirmação de transações, a ocorrência de forks e a consistência do ledger\ndistribuído.\nModelo\nde\nQualidade\nISO/IEC 25010",
    "equation": "O grau médio de conectividade (CN) pode ser\nexpresso como:\nCN =\n2E\nN(N −1)\nonde E representa o número total de conexões entre os\nnós e N o número total de nós ativos na rede.\nAlternativamente, pode-se medir o número médio de\nconexões por nó:\nCNmédio =\nPN\ni=1 ki\nN\nonde ki é o número de vizinhos do nó i.\nMétricas\nAssociadas\nLatência de Propagação; Tempo de Confirmação; Taxa\nde Forks; Throughput; Disponibilidade da Rede\nAtributo\nRelacionado\nDesempenho da Rede; Robustez; Escalabilidade; Confiabilidade do Ledger\n226",
    "protocol": "1) Configurar simulação ou observação da rede blockchain com N nós ativos.\n2) Coletar o número de conexões diretas de cada nó (ki).\n3) Calcular CNmédio ou o coeficiente global CN =\n2E/N(N −1).\n4) Analisar a correlação entre a conectividade média e o\ntempo de propagação de blocos e ocorrência de forks.\n5) Repetir sob diferentes graus de conectividade (baixa,\nmédia, alta) para avaliar impacto na resiliência e latência.",
    "comment": "A Conectividade de Nós é um fator determinante para a\neficiência e segurança da blockchain. O estudo demonstra\nque redes com menor grau de conectividade apresentam\nmaior tempo de confirmação e maior probabilidade de bifurcações devido a atrasos de propagação. Uma rede bem\nconectada melhora a visibilidade dos blocos minerados e\nreduz a latência global, garantindo maior estabilidade e\nconsistência do ledger.\nInterpretação\ndo\nValor Medido\nAltos valores de conectividade indicam rede eficiente\ne resiliente, com rápida propagação de blocos. Baixos\nvalores sinalizam risco de desincronização e aumento na\ntaxa de forks.",
    "unit": "Conexões por nó (grau médio) ou fração adimensional\n(0–1)",
    "scale_type": "Razão",
    "precision": "Alta, desde que a coleta de conexões entre pares seja\natualizada em tempo real e represente a topologia real\ndo sistema P2P.",
    "data_collection": "Experimental / Analítica / Simulada",
    "measurement_tool": "Modelos de simulação (ex.: M/G/1, Redes de Jackson);\nMonitores de rede P2P; Logs de clientes Bitcoin; ferramentas de análise topológica (Graphviz, Gephi).",
    "use_processes": "Avaliação de desempenho de rede P2P blockchain; otimização de conectividade entre nós mineradores; estudo de\npropagação de blocos; mitigação de forks e latência.",
    "beneficiaries": "Engenheiros de blockchain; pesquisadores em redes P2P;\ndesenvolvedores de protocolos de consenso; analistas de\ndesempenho distribuído.",
    "references": "Mišić, J.; Mišić, V. B.; Chang, M. Effect of Miner Incentive on\nthe Confirmation Time of Bitcoin Transactions. IEEE Access,\nvol. 8, pp. 816–829, 2020. — A métrica Node Connectivity é\nusada para analisar a influência da topologia e do grau de ligação\nentre nós na propagação de blocos e tempo de confirmação das\ntransações em redes Bitcoin.\n227"
  },
  "source": {
    "pdf": "catalogo_de_metricas.pdf",
    "table": "Tabela 93"
  }
}