{
  "id": "t99",
  "table_no": 99,
  "name": "Número de Instruções",
  "iso25010": {
    "characteristic": "Eficiência de Desempenho",
    "subcharacteristic": "Capacidade"
  },
  "fields": {
    "definition": "Mede o número total de instruções executadas\ndurante a execução de um contrato inteligente em uma\nmáquina virtual blockchain (como a EVM). Essa métrica\nrepresenta a carga computacional associada a uma função\nou transação e está diretamente relacionada ao consumo\nde gás, tempo de execução e eficiência do contrato.",
    "objective": "Avaliar a eficiência de execução e identificar possíveis\ngargalos de desempenho em contratos inteligentes. O\nnúmero de instruções permite mensurar a complexidade\ne o custo computacional das funções, auxiliando no processo de otimização do código e na redução do consumo\nde gás em execuções on-chain.\nModelo\nde\nQualidade\nISO/IEC 25010",
    "equation": "O número total de instruções (I) é dado por:\nI =\nn\nX\nj=1\ninstj\nonde instj representa cada instrução executada durante\na execução de uma função, e n é o número total de\ninstruções emitidas pelo compilador e executadas na\nEVM.\nMétricas\nAssociadas\nConsumo de Gás; Tempo de Execução; Eficiência do\nContrato; Complexidade de Código; Desempenho da\nEVM\nAtributo\nRelacionado\nCusto Computacional; Otimização de Código; Escalabilidade; Eficiência de Execução\n238",
    "protocol": "1) Instrumentar o contrato inteligente em nível de função utilizando o sistema de monitoramento dinâmico\nproposto (SCMon).\n2) Executar o contrato em um ambiente de teste controlado (por exemplo, Ethereum local).\n3) Registrar o número de instruções executadas em cada\nfunção durante a execução.\n4) Correlacionar os dados com o consumo de gás e tempo\nde execução.\n5) Analisar funções com alto número de instruções e\npropor otimizações.",
    "comment": "O Número de Instruções Executadas é uma métrica essencial para análise de desempenho e segurança de contratos\ninteligentes. O artigo demonstra que o sistema FunctionLevel Dynamic Monitoring and Analysis (SCMon) coleta\ndinamicamente o número de instruções executadas por\nfunção, permitindo identificar partes ineficientes do código. Isso é crucial para reduzir custos de gás e melhorar\na escalabilidade de dApps baseados em blockchain.\nInterpretação\ndo\nValor Medido\nValores altos indicam código complexo e potencialmente ineficiente, com maior custo de execução. Valores\nbaixos sugerem código otimizado, com menor consumo\nde recursos e melhor desempenho.",
    "unit": "Número de instruções executadas (instruções)",
    "scale_type": "Razão",
    "precision": "Alta, desde que o monitoramento seja feito em nível de\nfunção com instrumentação completa da execução na\nEVM.",
    "data_collection": "Automática / Experimental",
    "measurement_tool": "Sistema de Monitoramento Dinâmico em Nível de Função\n(SCMon); Ethereum Virtual Machine (EVM); ferramentas de análise de desempenho; scripts de instrumentação\nSolidity.",
    "use_processes": "Otimização de contratos inteligentes; análise de eficiência de código; redução de custos de gás; avaliação de\ndesempenho de dApps e funções críticas.",
    "beneficiaries": "Desenvolvedores de contratos inteligentes; engenheiros\nde blockchain; pesquisadores em eficiência de execução;\nauditores de segurança e desempenho.\n239",
    "references": "Ding, Y.; Guo, J.; Zhou, Y.; Peng, K.; Zhou, Y.; Jiang, Y.\nFunction-Level Dynamic Monitoring and Analysis System for\nSmart Contract. IEEE Access, vol. 8, pp. 229161–229172, 2020.\n— A métrica Number of Instructions é utilizada para medir a\nquantidade total de instruções executadas na EVM, permitindo\nidentificar funções ineficientes e reduzir o custo computacional e o\nconsumo de gás.\n240"
  },
  "source": {
    "pdf": "catalogo_de_metricas.pdf",
    "table": "Tabela 99"
  }
}