{
  "id": "t9",
  "table_no": 9,
  "name": "Equidade",
  "iso25010": {
    "characteristic": "Confiabilidade",
    "subcharacteristic": "Integridade"
  },
  "fields": {
    "definition": "Grau em que a participação efetiva nos blocos/transições\nreflete a distribuição de poder de mineração/recursos\nentre os participantes. Em protocolos do tipo Nakamoto,\nmede-se se o maior minerador (ou conjunto dominante)\nestá representado nos blocos de forma proporcional ao\nseu poder de mineração; variações capturam tendências\nde centralização. Em análise de propagação, também\nse avalia a equidade pelo desvio entre os tempos médios\nde recebimento de blocos entre nós (quanto menor a\ndiferença, mais justa é a rede).",
    "objective": "Detectar e mitigar vieses que favorecem mineradores\nmaiores (ex.: por atrasos de propagação, intervalos de\nbloco ou tamanhos de bloco), os quais podem levar à\ncentralização e perda de segurança. Ajustes de topologia\ne de parâmetros de protocolo podem melhorar equidade,\nreduzindo forks e desperdício de hashpower.",
    "domain_independence": "Alto — aplicável a redes públicas (PoW/PoS) e consórcios, sempre que haja competição por inclusão/ordenação\nde transações.\nModelo\nde\nQualidade\nISO/IEC 25010",
    "equation": "Equidade por inclusão (Bitcoin-NG): F =\nT¬L\nTtotal\nM¬L\nMtotal\n,\nonde T¬L é a fração de transições/blocos não produzidos\npelo maior minerador L e M¬L é a fração de poder de\nmineração não detida por L. Ótimo: F = 1.\nEquidade de propagação:\n∆recv = max\ni\nt(i)\nreceb −\nmin\ni\nt(i)\nreceb (diferença entre tempos médios de recebimento\nde bloco por nó; quanto menor, melhor).\nMétricas\nAssociadas\nTaxa de forks; Tempo de propagação; Tamanho/intervalo\nde bloco; Utilização de poder de mineração; TPS; Consensus delay.\nAtributo\nRelacionado\nDescentralização; Segurança contra selfish mining; Disponibilidade; Throughput/latência.\n25",
    "protocol": "1) Janela de observação: definir período P e coletar\ntodos os blocos/transições aceitos na cadeia principal.\n2) Identificação de entidades: agrupar blocos por\nminerador/validador (quando disponível).\n3) Cálculo (inclusão): determinar o maior minerador\nL; computar T¬L/Ttotal e M¬L/Mtotal; obter F.\n4) Cálculo (propagação): instrumentar nós para medir\ntempos de recebimento; calcular médias por nó e ∆recv\n(e também p50/p95/p99).\n5) Contexto: registrar parâmetros (tamanho/intervalo\nde bloco, política de vizinhança/topologia) e condições\nde rede (RTT/banda/perda).",
    "comment": "Atrasos de propagação e parâmetros agressivos (blocos\ngrandes e/ou intervalos curtos) podem reduzir a equidade,\nfavorecendo grandes mineradores, elevar forks e incentivar centralização. Protocolos que desacoplam eleição de\nlíder e serialização (p.ex., blocos-chave + microblocos)\nbuscam manter equidade próxima de 1, limitada pelo\natraso de rede e capacidade dos nós. Otimizações de\nvizinhança/topologia reduzem ∆recv e a taxa de forks,\nmelhorando a justiça entre nós.\nInterpretação\ndo\nValor Medido\nF ≈1 indica representação proporcional (desejável).\nF < 1 sugere sub-representação dos menores (tendência à\ncentralização). ∆recv menor implica ambiente mais justo;\ncaudas (p95/p99) elevadas indicam nós consistentemente\ndesfavorecidos.",
    "unit": "Adimensional (para F); segundos (s) para ∆recv.",
    "scale_type": "Razão.",
    "precision": "Exige identificação confiável dos produtores de blocos\ne estimativa do poder relativo (pools/entidades). Para\n∆recv, requer relógios sincronizados e amostragem consistente nos nós.",
    "data_collection": "Automática.",
    "measurement_tool": "Logs do nó/cliente; exploradores de blocos; instrumentação de rede (RTT/propagação); simuladores/ambientes\nde emulação para estudar topologia.",
    "use_processes": "Avaliação de parâmetros (tamanho/intervalo de bloco);\ndesenho de topologia e políticas de vizinhança; análise\nde risco de centralização; comparação de protocolos (baseline vs. variantes escaláveis).",
    "beneficiaries": "Pesquisadores(as); Engenheiros(as) de protocolo; Operações/SRE; Gestores(as) de produto/SLA; Comunidades\nde rede pública/consórcio.\n26",
    "references": "(1) Taming Propagation Delay and Fork Rate in Bitcoin Mining\nNetwork — define métricas de propagação/forks e discute a injustiça causada por nós desinformados; propõe otimização de\nvizinhança para reduzir desigualdade de recebimento.\n(2) Bitcoin-NG: A Scalable Blockchain Protocol — introduz métrica\nde fairness baseada na representatividade do maior minerador\nvs. sua fração de poder, e mostra efeitos de parâmetros em equidade/centralização.\n27"
  },
  "source": {
    "pdf": "catalogo_de_metricas.pdf",
    "table": "Tabela 9"
  }
}